Year,Month,Day,Temp,TMax,Tmin,SLP,Humidity,PPresure,VVisiblity,VavgWindSpeed,VMWindSpeed,VGspeed,RAin,SNow,TStrom,FoG,AQI,NowCast,Raw
2016,1,1,21.1,27.6,14.8,1018.8,66,0,1.8,0.6,3.5,-,,,,o,-999,-999,-999
2016,1,2,21.5,27,14.2,1018,64,0,2.6,2.4,9.4,-,,,,,-999,-999,-999
2016,1,3,20.9,25.8,14.8,1016.5,63,0,2.6,2.2,9.4,-,,,,,-999,-999,-999
2016,1,4,,,,,,,,,,,,,,,-999,-999,-999
2016,1,5,,,,,,,,,,,,,,o,-999,-999,-999
2016,1,6,,,,,,,,,,,,,,,-999,-999,-999
2016,1,7,21.6,26.6,14.6,1016.6,57,0,2.6,0.7,3.5,-,,,,,-999,-999,-999
2016,1,8,21.2,26.8,14.4,1014.5,68,0,1.9,1.1,3.5,-,,,,,-999,-999,-999
2016,1,9,21.7,25,18.4,1013.2,80,0,1,0.9,3.5,-,,,,o,-999,-999,-999
2016,1,10,-,-,-,-,-,-,-,-,-,-,-,-,-,-,-999,-999,-999
2016,1,11,,,,,,,,,,,,,,,-999,-999,-999
2016,1,12,,,,,,,,,,,,,,,-999,-999,-999
2016,1,13,,,,,,,,,,,,,,,-999,-999,-999
2016,1,14,20.3,25.2,14.2,1015,57,0,1.6,0,-,-,,,,o,-999,-999,-999
2016,1,15,21.2,26,14,1012.6,57,0,1.9,0.7,3.5,-,,,,,-999,-999,-999
2016,1,16,19.2,26.6,14.9,1012.2,69,0,1.4,1.1,3.5,-,,,,o,-999,-999,-999
2016,1,17,,,,,,,,,,,,,,,-999,-999,-999
2016,1,18,,,,,,,,,,,,,,,-999,-999,-999
2016,1,19,,,,,,,,,,,,,,o,-999,-999,-999
2016,1,20,19.1,22.8,16.5,1014.6,74,2.79,1.9,4.6,5.4,-,o,,,,-999,-999,-999
2016,1,21,18.9,22.7,15.6,1015.9,74,0,1.9,3.5,7.2,-,,,,o,-999,-999,-999
2016,1,22,17.3,20,14.8,1017.5,75,0,1.9,8.9,18.3,-,,,,,-999,-999,-999
2016,1,23,,,,,,,,,,,,,,o,-999,-999,-999
2016,1,24,,,,,,,,,,,,,,o,-999,-999,-999
2016,1,25,,,,,,,,,,,,,,o,-999,-999,-999
2016,1,26,16.2,22.1,10.2,1015.1,58,0,1.9,1.1,3.5,-,,,,,-999,-999,-999
2016,1,27,20.5,25,16.8,1014.1,47,0,2.3,0,-,-,,,,,-999,-999,-999
2016,1,28,-,-,-,-,-,-,-,-,-,-,-,-,-,-,-999,-999,-999
2016,1,29,-,-,-,-,-,-,-,-,-,-,-,-,-,-,-999,-999,-999
2016,1,30,18.4,24.4,13.4,1013.8,70,0,1.8,0.9,5.4,-,,,,,-999,-999,-999
2016,1,31,,,,,,,,,,,,,,o,-999,-999,-999
2016,2,1,21.7,28,17.8,1013.9,72,0,1.3,0.6,3.5,-,,,,o,-999,-999,-999
2016,2,2,22.1,28.5,16.8,1015.2,68,0,1.6,1.9,5.4,-,,,,o,-999,-999,-999
2016,2,3,24,27.8,17.6,1014.1,46,0,2.4,1.9,5.4,-,,,,,-999,-999,-999
2016,2,4,,,,,,,,,,,,,,,-999,-999,-999
2016,2,5,,,,,,,,,,,,,,,-999,-999,-999
2016,2,6,,,,,,,,,,,,,,o,-999,-999,-999
2016,2,7,22.4,28.4,13.6,1014.5,51,0,2.3,0,-,-,,,,,-999,-999,-999
2016,2,8,21.8,29.1,15.6,1013.8,60,0,2.6,0,-,-,o,,,,-999,-999,-999
2016,2,9,24.2,27.5,18.6,1012.3,65,0.51,1.9,0.6,3.5,-,o,,,,-999,-999,-999
2016,2,10,,,,,,,,,,,,,,o,-999,-999,-999
2016,2,11,,,,,,,,,,,,,,o,-999,-999,-999
2016,2,12,,,,,,,,,,,,,,o,-999,-999,-999
2016,2,13,25.7,29,19.2,1013.8,45,0,2.7,0.9,3.5,-,,,,,-999,-999,-999
2016,2,14,24.6,28.6,18.8,1013.6,57,0,1.9,0,-,-,,,,,-999,-999,-999
2016,2,15,25.6,30.6,19.6,1014.9,64,0,1.8,0.6,3.5,-,,,,o,-999,-999,-999
2016,2,16,,,,,,,,,,,,,,o,-999,-999,-999
2016,2,17,,,,,,,,,,,,,,,-999,-999,-999
2016,2,18,,,,,,,,,,,,,,,-999,-999,-999
2016,2,19,26.6,33.6,21.8,1012.1,59,0,2.9,1.9,5.4,-,,,,,-999,-999,-999
2016,2,20,-,-,-,-,-,-,-,-,-,-,-,-,-,-,-999,-999,-999
2016,2,21,-,-,-,-,-,-,-,-,-,-,-,-,-,-,-999,-999,-999
2016,2,22,-,-,-,-,-,-,-,-,-,-,-,-,-,-,-999,-999,-999
2016,2,23,-,-,-,-,-,-,-,-,-,-,-,-,-,-,-999,-999,-999
2016,2,24,-,-,-,-,-,-,-,-,-,-,-,-,-,-,-999,-999,-999
2016,2,25,-,-,-,-,-,-,-,-,-,-,-,-,-,-,-999,-999,-999
2016,2,26,-,-,-,-,-,-,-,-,-,-,-,-,-,-,-999,-999,-999
2016,2,27,25.8,31.2,22,1015.7,57,0,3.2,0.7,3.5,-,,,,,-999,-999,-999
2016,2,28,27.1,31.3,20.6,-,52,0,2.9,0,-,-,,,,,-999,-999,-999
2016,2,29,,,,,,,,,,,,,,,-999,-999,-999
2016,3,1,25.6,32.1,19.9,1013.8,56,0,2.7,0.4,3.5,-,,,,,87.58333333,39.5375,89.875
2016,3,2,26.2,32,21.6,1014.5,56,0,3.9,1.5,3.5,-,,,,,234.7083333,169.825,165.0416667
2016,3,3,26.6,33,21.4,1013.2,59,0,3.2,1.5,5.4,-,,,,,243.4166667,180.0708333,179.2916667
2016,3,4,,,,,,,,,,,,,,,170.9583333,89.14583333,93.58333333
2016,3,5,,,,,,,,,,,,,,o,190.625,128.1291667,122.8333333
2016,3,6,,,,,,,,,,,o,,,,195.0833333,132.6958333,130.2083333
2016,3,7,26.7,33,20.2,1010.1,57,0,3.4,2.2,9.4,-,,,,,172.4166667,95.60416667,101.5833333
2016,3,8,26.6,32.7,22.5,1009.5,56,0,3.1,3,9.4,-,,,,,185.2916667,118.5791667,114.5416667
2016,3,9,29.5,34.5,22.5,1009.1,51,0,3.1,2,5.4,-,,,,,177.0416667,104,106.7916667
2016,3,10,,,,,,,,,,,,,,,180.9166667,110.3958333,108.9166667
2016,3,11,,,,,,,,,,,,,,,174.5,101.025,100.5416667
2016,3,12,-,-,-,-,-,-,-,-,-,-,-,-,-,-,178.1666667,108.0916667,107.625
2016,3,13,-,-,-,-,-,-,-,-,-,-,-,-,-,-,170.8333333,93.87083333,93.20833333
2016,3,14,,,,,,,,,,,o,,,,178.0416667,106.55,105.4583333
2016,3,15,27.4,32.4,20.7,1011.1,49,0,3.5,0,-,-,,,,,193.9166667,128.0916667,132.5416667
2016,3,16,27.8,32.4,22.7,1010.4,49,0,3.9,1.5,5.4,-,o,,o,,204.7083333,145.05,144.2916667
2016,3,17,26.3,33.1,21,1012.1,35,0,4,1.1,3.5,-,,,,,193.9583333,123.2125,120.4166667
2016,3,18,,,,,,,,,,,o,,o,,193.875,131.8791667,133.1666667
2016,3,19,,,,,,,,,,,,,,,156.3333333,70.05,67.83333333
2016,3,20,,,,,,,,,,,,,,,167.625,87.64583333,87.66666667
2016,3,21,28.8,34.8,24.6,1006.2,64,0,3.9,4.8,9.4,-,,,,,157.75,75.35,75.20833333
2016,3,22,29.2,34.2,25.5,1006.8,50,0,4,3.7,7.6,-,,,,,159.0416667,71.19583333,70.75
2016,3,23,28.1,33.8,22,1009.4,36,0,4,2.4,7.6,-,,,,,164.0833333,80.99583333,82.875
2016,3,24,,,,,,,,,,,,,,,179.7916667,110.6625,111.4166667
2016,3,25,,,,,,,,,,,,,,,192.1666667,129.3416667,131.625
2016,3,26,,,,,,,,,,,,,,,235.0416667,175.1208333,174.625
2016,3,27,28.9,33.2,24.8,1011.3,68,0,4.3,4.4,5.4,-,,,,,162.5416667,77.775,74.29166667
2016,3,28,24.8,29.2,21.6,1011.2,81,1.02,4.3,5.7,14.8,-,o,,,,123.2083333,45.19166667,43.83333333
2016,3,29,26.6,33.6,20.8,1011.5,67,12.7,3.4,4.6,14.8,-,o,,o,,149.875,66.11666667,66.66666667
2016,3,30,,,,,,,,,,,o,,o,,159.125,77.64583333,77.875
2016,3,31,,,,,,,,,,,o,,o,,148.5,65.49583333,65.54166667
2016,4,1,22.3,27,18.2,1010.2,78,7.11,3.9,2.6,9.4,-,o,,o,,130.375,53.47916667,54.5
2016,4,2,25,27,20.6,1010.5,82,1.02,4,0,-,-,o,,,,149.6666667,59.975,60.41666667
2016,4,3,27.4,31.5,24.4,1009.5,83,9.14,3.9,1.3,3.5,-,o,,o,,145.625,63.55833333,61.54166667
2016,4,4,,,,,,,,,,,o,,,,121.875,44.375,44.5
2016,4,5,,,,,,,,,,,,,,,122.25,45.78333333,2.5
2016,4,6,,,,,,,,,,,,,,,146.9583333,55.11666667,54.70833333
2016,4,7,29.1,33,27.1,1007.1,81,0,4.2,4.6,5.4,-,,,,,146.3333333,54.5625,54.41666667
2016,4,8,31,36,27,1006.9,70,0,4.5,4.4,9.4,-,,,,,147.125,60.89583333,61
2016,4,9,-,-,-,-,-,-,-,-,-,-,-,-,-,-,137.4583333,53.16666667,52.375
2016,4,10,-,-,-,-,-,-,-,-,-,-,-,-,-,-,138.2083333,55.67083333,55.79166667
2016,4,11,30.1,36.6,27.1,1003.3,80,0,4.5,4.4,14.8,-,,,,,139.0416667,55.25,54.70833333
2016,4,12,-,-,-,-,-,-,-,-,-,-,-,-,-,-,149.375,63.475,64.33333333
2016,4,13,-,-,-,-,-,-,-,-,-,-,-,-,-,-,151.2916667,63.2625,62.375
2016,4,14,-,-,-,-,-,-,-,-,-,-,-,-,-,-,118.9583333,42.82916667,42.83333333
2016,4,15,-,-,-,-,-,-,-,-,-,-,-,-,-,-,131.2083333,47.73333333,47.45833333
2016,4,16,-,-,-,-,-,-,-,-,-,-,-,-,-,-,117.5416667,42.23333333,41.41666667
2016,4,17,,,,,,,,,,,,,,,115.125,42.02916667,42
2016,4,18,,,,,,,,,,,o,,,,122.8333333,44.97083333,45.04166667
2016,4,19,,,,,,,,,,,,,,,116.2916667,41.7,42.41666667
2016,4,20,30.9,35.9,28,1004.9,67,0,4.5,6.9,11.1,-,,,,,132.2083333,48.43333333,48.125
2016,4,21,30.9,35.5,28,1002.9,69,0,4.8,8,11.1,-,,,,,112.7083333,40.25833333,40.04166667
2016,4,22,31.4,36.4,28.2,1001.2,68,0,4.5,6.5,11.1,-,,,,,131.0416667,49.9875,49.5
2016,4,23,,,,,,,,,,,,,,,124.2083333,44.94583333,44.75
2016,4,24,,,,,,,,,,,,,,,129.9583333,49.57916667,49.66666667
2016,4,25,,,,,,,,,,,,,,,120.8333333,43.56666667,43.625
2016,4,26,31.4,36.3,28.4,1007,68,0,4.8,4.4,7.6,-,,,,,116.1666667,41.63333333,41.25
2016,4,27,32.1,36.8,28.2,1006,65,0,4.8,4.3,5.4,-,,,,,116.1666667,41.54166667,41.95833333
2016,4,28,31.6,36.5,28.2,1004.4,67,0,4.5,3.3,5.4,-,,,,,123.1666667,44.5,44.33333333
2016,4,29,,,,,,,,,,,,,,,139.4583333,54.7625,54.41666667
2016,4,30,,,,,,,,,,,,,,,130.2083333,47.79583333,47.91666667
2016,5,1,30.4,34.3,25.1,1003.8,69,9.91,4.5,5.4,5.4,-,,,,,126.5416667,46.84166667,46.95833333
2016,5,2,26.3,33,22.7,1005.9,68,0,4.2,5.4,14.8,-,,,,,129.5416667,47.96666667,48.29166667
2016,5,3,28.2,32.4,22,1006.8,74,0,4.3,5,9.4,-,,,o,,140.125,53.1125,54.58333333
2016,5,4,,,,,,,,,,,,,o,,114.8333333,41.38333333,40.54166667
2016,5,5,,,,,,,,,,,,,,,149.5416667,63.10416667,64.16666667
2016,5,6,,,,,,,,,,,,,,,151.0833333,78.15416667,78.66666667
2016,5,7,26.8,31.6,23.4,1008.8,75,4.06,3.7,4.3,14.8,-,o,,o,,139.1666667,62.0125,59.45833333
2016,5,8,29.1,34,22.8,1009.1,62,4.32,4.5,2,5.4,-,,,,,125.6666667,51.21666667,55.45833333
2016,5,9,28.6,35.6,26,1008.1,73,2.29,4.3,0,-,-,o,,o,,164.9166667,90.15416667,87.58333333
2016,5,10,,,,,,,,,,,,,,,167.4583333,87.20833333,88.75
2016,5,11,,,,,,,,,,,,,,,159.9583333,75.51666667,75.54166667
2016,5,12,,,,,,,,,,,o,,o,,148.7916667,72.25,68.91666667
2016,5,13,24.9,32.1,23,1005.5,83,32,3.7,3.9,9.4,-,o,,o,,104.625,36.9125,36.95833333
2016,5,14,28.8,34,22.6,1006.2,77,2.03,4,3,9.4,-,,,,,119.8333333,44.14583333,45.125
2016,5,15,30.6,34.7,26.8,1005.8,73,0,4.5,2.4,5.4,-,,,,,111.125,39.9,39.16666667
2016,5,16,,,,,,,,,,,,,,,96.41666667,33.22916667,33.04166667
2016,5,17,,,,,,,,,,,,,,,79.625,25.7125,25.41666667
2016,5,18,,,,,,,,,,,o,,o,,92.08333333,31.475,31.625
2016,5,19,27.3,30.6,24,1005.4,80,0.25,4.2,5.6,11.1,-,o,,,,84.29166667,27.75416667,27.58333333
2016,5,20,25.8,28.8,24,1002.1,90,10.16,4.2,1.3,3.5,-,o,,,,72.08333333,22.15416667,22.375
2016,5,21,24.4,25,23.8,997.2,93,63.5,3.1,11.1,22.2,-,o,,,,55.5,15.2875,15.70833333
2016,5,22,,,,,,,,,,,,,,,136.375,52.4875,52.91666667
2016,5,23,,,,,,,,,,,,,,,118,43.49583333,44.70833333
2016,5,24,-,-,-,-,-,-,-,-,-,-,-,-,-,-,136.75,57.65,55.95833333
2016,5,25,-,-,-,-,-,-,-,-,-,-,-,-,-,-,134.0833333,54.65833333,56.08333333
2016,5,26,,,,,,,,,,,o,,o,,143.375,54.70416667,53.95833333
2016,5,27,28.7,32.8,23,1003,77,3.81,4.2,4.8,16.5,-,o,,,,137.9583333,59.0625,59
2016,5,28,26.9,29,24.9,1002.5,83,8.64,4,2,5.4,-,o,,o,,112.8333333,40.57916667,40
2016,5,29,-,-,-,-,-,-,-,-,-,-,-,-,-,-,127.5,49.825,51.33333333
2016,5,30,-,-,-,-,-,-,-,-,-,-,-,-,-,-,150,66.87916667,66.66666667
2016,5,31,-,-,-,-,-,-,-,-,-,-,-,-,-,-,145.7083333,64.40416667,64.33333333
2016,6,1,29.6,32.8,25.2,1004.4,74,0,4.5,1.1,3.5,-,,,,,143.5416667,59.69166667,62.66666667
2016,6,2,31.3,35.4,25.8,1004.2,64,0,4.8,1.9,9.4,-,,,,,156.125,81.79166667,78.54166667
2016,6,3,31.6,36,28,1004.2,65,0,4.7,3.5,5.4,-,,,,,130.875,49.35,49.16666667
2016,6,4,,,,,,,,,,,,,,,122.4583333,45.86666667,45.45833333
2016,6,5,,,,,,,,,,,,,o,,122.5416667,44.26666667,44.33333333
2016,6,6,-,-,-,-,-,-,-,-,-,-,-,-,-,-,118.75,42.85,42.95833333
2016,6,7,-,-,-,-,-,-,-,-,-,-,-,-,-,-,130.2083333,50.45833333,50.91666667
2016,6,8,-,-,-,-,-,-,-,-,-,-,-,-,-,-,92.5,31.53333333,-97.91666667
2016,6,9,-,-,-,-,-,-,-,-,-,-,-,-,-,-,86.16666667,28.575,-13.75
2016,6,10,-,-,-,-,-,-,-,-,-,-,-,-,-,-,92.58333333,31.5625,32.58333333
2016,6,11,-,-,-,-,-,-,-,-,-,-,-,-,-,-,141.625,55.0125,54.75
2016,6,12,-,-,-,-,-,-,-,-,-,-,-,-,-,-,118,42.79583333,42.75
2016,6,13,-,-,-,-,-,-,-,-,-,-,-,-,-,-,118.75,43.00833333,42.83333333
2016,6,14,-,-,-,-,-,-,-,-,-,-,-,-,-,-,132.4583333,50.69583333,51.54166667
2016,6,15,-,-,-,-,-,-,-,-,-,-,-,-,-,-,125.0833333,46.17916667,45.95833333
2016,6,16,-,-,-,-,-,-,-,-,-,-,-,-,-,-,136.5416667,50.32083333,7.041666667
2016,6,17,-,-,-,-,-,-,-,-,-,-,-,-,-,-,102.4583333,36.275,35.41666667
2016,6,18,-,-,-,-,-,-,-,-,-,-,-,-,-,-,88.625,29.925,29.875
2016,6,19,-,-,-,-,-,-,-,-,-,-,-,-,-,-,102.5833333,35.92916667,36.125
2016,6,20,,,,,,,,,,,,,,,72.95833333,22.5375,22.41666667
2016,6,21,30.4,34.2,27.6,1004.2,73,1.78,4.3,2.8,5.4,-,,,,,73.91666667,22.98333333,23.33333333
2016,6,22,28.8,32.4,27.8,1004.8,82,0.76,4.2,1.9,5.4,-,o,,,,73.08333333,22.6375,22.41666667
2016,6,23,30.5,33.8,28.1,1002.6,76,0.51,4,17.2,-,-,,,,,88.83333333,29.4875,-12.75
2016,6,24,,,,,,,,,,,,,,,77.83333333,24.69583333,24.5
2016,6,25,,,,,,,,,,,o,,o,,92.70833333,31.4,31.33333333
2016,6,26,,,,,,,,,,,o,,o,,122.625,45.2,45.29166667
2016,6,27,31.9,35,27.9,1002.3,66,0,5,3.7,9.4,-,,,,,77.375,24.43333333,23.5
2016,6,28,31.7,34.6,29,1003.2,68,0,4.7,3.3,5.4,-,,,,,73.41666667,22.73333333,23.29166667
2016,6,29,31.2,34.8,29,1002.6,71,0,4.7,1.5,5.4,-,,,,,96.83333333,33.44166667,34.04166667
2016,6,30,,,,,,,,,,,o,,,,96.16666667,32.7875,32.33333333
2016,7,1,30.1,31.8,28,1000,78,4.32,5,1.9,5.4,-,,,o,,81.41666667,26.52916667,26.95833333
2016,7,2,29.4,32.2,27,998.8,83,26.67,3.9,3.9,5.4,-,o,,o,,71.29166667,21.7125,21.04166667
2016,7,3,27.8,31.3,26.6,998.5,92,28.7,3.5,2.4,3.5,-,o,,,,79.04166667,25.25833333,25.91666667
2016,7,4,,,,,,,,,,,o,,,,74.58333333,23.30416667,22.54166667
2016,7,5,,,,,,,,,,,o,,,,67.875,20.15,20
2016,7,6,,,,,,,,,,,o,,,,64.16666667,18.65833333,19.33333333
2016,7,7,30.9,33.6,26,998.6,74,0,4.7,1.5,5.4,-,,,,,70,21.1125,21
2016,7,8,30.9,34.1,27.3,998.2,72,0,5,1.5,5.4,-,o,,,,59.25,16.07083333,15.70833333
2016,7,9,29.8,33.5,28,997.7,76,0,4.7,4.1,5.4,-,o,,,,51.66666667,13.1875,13.83333333
2016,7,10,,,,,,,,,,,o,,,,65.41666667,18.97083333,18.66666667
2016,7,11,,,,,,,,,,,o,,,,64.875,18.69583333,18.70833333
2016,7,12,,,,,,,,,,,o,,,,76.08333333,23.9125,24.04166667
2016,7,13,27.6,33.5,19.5,1000.2,94,21.34,4.5,1.5,3.5,-,o,,,,81.54166667,26.55,27.33333333
2016,7,14,30.5,34.5,27.4,999.7,75,0,4.8,2.6,3.5,-,,,,,89.25,30.25833333,29.95833333
2016,7,15,29.2,33.2,27,1000.4,81,7.87,4.5,2.6,3.5,-,o,,,,83.875,27.67916667,27.20833333
2016,7,16,,,,,,,,,,,o,,,,95.29166667,32.61666667,32.83333333
2016,7,17,,,,,,,,,,,o,,,,84.75,28.11666667,28.125
2016,7,18,,,,,,,,,,,o,,,,91.91666667,31.22916667,31.83333333
2016,7,19,28.3,31.5,26.4,1002.1,87,6.1,4.7,0.7,3.5,-,o,,,,102.1666667,35.60416667,36.08333333
2016,7,20,29,32,26.8,1002.3,84,1.02,4.3,1.5,5.4,-,o,,,,111.9583333,40.5,40.79166667
2016,7,21,29.2,30.9,27.7,1004.1,81,2.79,4.5,2.2,5.4,-,,,,,112.125,40.89166667,-3.833333333
2016,7,22,-,-,-,-,-,-,-,-,-,-,-,-,-,-,93.125,31.5625,31
2016,7,23,,,,,,,,,,,,,,,89.41666667,29.91666667,30.875
2016,7,24,,,,,,,,,,,,,,,105.5416667,37.2,37.20833333
2016,7,25,,,,,,,,,,,o,,,,83.625,27.49166667,26.79166667
2016,7,26,27.8,30.7,25.2,1008.3,80,3.81,4.5,3.1,5.4,-,o,,,,81.08333333,26.19583333,26.41666667
2016,7,27,30.8,33.5,25.2,1007,66,0,5,3,5.4,-,,,,,94,33.225,34.04166667
2016,7,28,29.7,33.6,27.5,1004.7,79,0,5,0.4,3.5,-,,,,,94.58333333,32.40416667,33.08333333
2016,7,29,,,,,,,,,,,o,,,,155.1666667,69.09583333,68.95833333
2016,7,30,,,,,,,,,,,o,,o,,127.7083333,46.97083333,46.875
2016,7,31,,,,,,,,,,,o,,o,,99.08333333,34.75833333,34.125
2016,8,1,29.5,33.6,25.4,999.3,78,10.67,4.7,2.2,5.4,-,o,,o,,100.0833333,36.14166667,36.125
2016,8,2,29.7,33.8,27.2,997.7,76,4.06,4.8,1.9,5.4,-,o,,,,63.125,17.84583333,18
2016,8,3,30.4,34.4,27.2,998.6,71,4.06,5,3.9,9.4,-,,,,,72.41666667,22.25833333,21.91666667
2016,8,4,,,,,,,,,,,,,,,66.16666667,19.27916667,19.25
2016,8,5,,,,,,,,,,,o,,,,65.16666667,18.81666667,19.16666667
2016,8,6,,,,,,,,,,,o,,,,69.95833333,21.09166667,20.95833333
2016,8,7,29.3,32.6,27,1002.5,79,0,4.8,3.5,5.4,-,o,,,,70.08333333,21.2,21.5
2016,8,8,29.3,33.3,27,1001.1,78,0.51,4.8,2.2,3.5,-,o,,,,76.70833333,24.27916667,24.08333333
2016,8,9,27.5,28.8,26.3,999.5,83,2.29,4.3,3.9,5.4,-,o,,,,66.375,19.4,19.33333333
2016,8,10,,,,,,,,,,,o,,,,56.875,15.32916667,15.29166667
2016,8,11,,,,,,,,,,,,,,,87.375,29.26666667,30.20833333
2016,8,12,,,,,,,,,,,o,,,,94.79166667,32.75,32.33333333
2016,8,13,29.8,33.3,28,1001.3,81,10.67,5,0,-,-,o,,,,117.25,42.10833333,42.75
2016,8,14,29.8,33.4,27.2,999.7,83,1.52,4.5,0,-,-,o,,,,123.3333333,44.84166667,45.125
2016,8,15,30.2,34.8,28,996.7,77,0.51,4.8,2.2,3.5,-,o,,,,114.5,46.475,45.79166667
2016,8,16,,,,,,,,,,,,,,,74.45833333,23.02916667,22.58333333
2016,8,17,,,,,,,,,,,o,,,,55.70833333,15.24166667,15.75
2016,8,18,,,,,,,,,,,o,,,,101.1666667,35.04166667,35.625
2016,8,19,30.7,34.8,26.6,1001.7,73,0,4.5,1.9,5.4,-,,,,,121,43.7,44.08333333
2016,8,20,30.7,33.6,27.8,1000.5,76,0,4.7,1.9,5.4,-,,,o,,135.0833333,53.49166667,55.29166667
2016,8,21,26.4,29.6,25,1000.1,85,18.54,4.2,4.3,7.6,-,o,,o,,117.2916667,44.88333333,43.08333333
2016,8,22,,,,,,,,,,,,,,,102.75,36.13333333,37.375
2016,8,23,,,,,,,,,,,,,,,160.3333333,76.82916667,78.91666667
2016,8,24,,,,,,,,,,,,,,,157.5833333,70.65416667,69.54166667
2016,8,25,31.8,36.1,25.8,1003,74,32.77,5.3,0,-,-,o,,o,,157.5833333,72.84583333,70.83333333
2016,8,26,29.4,33.2,26,1005.3,83,0,4.8,0,-,-,,,,,89.5,29.99166667,30.33333333
2016,8,27,30.2,35.4,27.4,1006.5,78,0.51,5,0.6,3.5,-,o,,,,101.9166667,35.52083333,35.41666667
2016,8,28,,,,,,,,,,,o,,,,118.2916667,45.03333333,46.54166667
2016,8,29,,,,,,,,,,,,,,,119.375,44.3875,-0.833333333
2016,8,30,,,,,,,,,,,,,,,88.95833333,30.075,29.70833333
2016,8,31,29.3,33.7,28.2,1004.5,81,0,5.1,0.7,3.5,-,,,,,75.08333333,23.58333333,23.54166667
2016,9,1,29.1,33.4,27.7,1002.7,82,2.03,5,1.1,3.5,-,o,,,,-131.7083333,-181.9458333,-309.7916667
2016,9,2,29.1,32.8,26.2,1000.5,83,0,4.7,1.1,3.5,-,o,,,,107,37.59583333,38.04166667
2016,9,3,28.8,32.6,26.1,1000.2,83,6.1,4.3,0,-,-,o,,,,93.45833333,31.88333333,31.75
2016,9,4,,,,,,,,,,,o,,,,91.08333333,31.1,30.5
2016,9,5,,,,,,,,,,,o,,,,76.125,24.07916667,24.41666667
2016,9,6,,,,,,,,,,,o,,,,84.45833333,27.80833333,28.375
2016,9,7,28.9,32.8,26.4,1002.2,80,0.76,4.5,2.4,5.4,-,o,,,,103.1666667,36.39166667,36.5
2016,9,8,29.6,33,27.9,1004,78,0,4.8,0.9,5.4,-,,,,,128.0833333,46.97083333,47.5
2016,9,9,30.6,33.2,27.5,1005.4,69,0,5,3,5.4,-,,,,,130.5,51.52916667,51.41666667
2016,9,10,,,,,,,,,,,,,,,132.3333333,49.59166667,50.29166667
2016,9,11,,,,,,,,,,,,,,,116.5833333,41.825,41.375
2016,9,12,,,,,,,,,,,o,,o,,119.4166667,42.96666667,42.45833333
2016,9,13,26.4,29.2,25.4,1006.6,94,11.94,4,0,-,-,o,,o,,80.45833333,25.7625,26.5
2016,9,14,-,-,-,-,-,-,-,-,-,-,-,-,-,-,91.70833333,30.925,30.20833333
2016,9,15,30.9,34.2,26.6,1005.2,72,0.25,4.8,0,-,-,,,,,90,30.04583333,30.5
2016,9,16,29.6,33.2,27.2,1005,79,0,5,0,-,-,,,,,83.45833333,27.2125,27.375
2016,9,17,,,,,,,,,,,,,,,76.25,24.09583333,23.41666667
2016,9,18,,,,,,,,,,,,,,,86.79166667,28.9875,29.375
2016,9,19,,,,,,,,,,,o,,o,,89.125,30.12083333,30.54166667
2016,9,20,-,-,-,-,-,-,-,-,-,-,-,-,-,-,94.66666667,33.25416667,33.125
2016,9,21,28.3,31.8,26.1,1007.8,88,3.81,4.5,0,-,-,o,,o,,93.375,31.7,31.875
2016,9,22,28.2,32.7,26,1007.2,85,0.51,4.7,0,-,-,o,,,,100.0416667,34.75833333,34.83333333
2016,9,23,29.4,34,25.6,1005.5,75,0,4.7,0.6,3.5,-,o,,,,94.58333333,32.27083333,31.29166667
2016,9,24,,,,,,,,,,,o,,o,,77.95833333,24.77916667,25.70833333
2016,9,25,,,,,,,,,,,o,,,,94.33333333,32.225,32.04166667
2016,9,26,,,,,,,,,,,o,,o,,105.2916667,38.97916667,40.54166667
2016,9,27,29.8,34.4,25.8,1006,79,0,4.8,0,-,-,,,,,135.5,54.58333333,55.25
2016,9,28,28.1,30.3,27.2,1005.1,89,0.51,4.3,0,-,-,o,,,,158.625,71.90833333,71.95833333
2016,9,29,29.3,34.1,26.5,1004.7,83,11.68,4.5,1.9,3.5,-,o,,,,126.125,51.0375,48.875
2016,9,30,,,,,,,,,,,,,,,110.625,40.6875,41.5
2016,10,1,29,34,25.8,1007,79,0.25,4.5,0.6,3.5,-,o,,o,,119.9166667,45.425,45.83333333
2016,10,2,28.9,32.3,27.2,1008.5,84,0,5,0.7,3.5,-,,,o,,138.7916667,56.44166667,57.125
2016,10,3,-,-,-,-,-,-,-,-,-,-,-,-,-,-,140.7083333,55.1375,54.79166667
2016,10,4,30.2,35.4,27.6,1003.8,77,0,4.8,0,-,-,,,,,161.6666667,76.41666667,76.33333333
2016,10,5,,,,,,,,,,,o,,,,112.6666667,44.2125,43.58333333
2016,10,6,,,,,,,,,,,o,,o,,146.7916667,71.66666667,72.66666667
2016,10,7,,,,,,,,,,,o,,o,,110.5,43.77083333,41.91666667
2016,10,8,28.6,31,26.4,1007.1,84,0,4.3,0,-,-,,,,,105.5416667,37.12083333,36.79166667
2016,10,9,28.1,33,26.4,1004.8,84,0,4.5,0.7,3.5,-,o,,,,105.6666667,37.9375,38.08333333
2016,10,10,28.8,33.5,26.6,1004.3,79,0.25,4.7,0.6,3.5,-,o,,o,,104.625,37.10416667,36.83333333
2016,10,11,,,,,,,,,,,o,,,,78.58333333,25.12916667,25
2016,10,12,,,,,,,,,,,o,,,,104.9166667,37.125,38.41666667
2016,10,13,-,-,-,-,-,-,-,-,-,-,-,-,-,-,164.2083333,87.48333333,87
2016,10,14,,,,,,,,,,,,,,,115.4583333,44.075,45.66666667
2016,10,15,29.6,32.9,24.5,1007.9,62,0,4.7,0.6,3.5,-,,,,,145.3333333,63.62916667,63.5
2016,10,16,29.3,34.4,25.6,1008,60,0,4.5,1.5,5.4,-,,,,,144.5833333,59.675,58.625
2016,10,17,29.8,34.7,25.9,1006.5,70,0,4.3,1.5,3.5,-,,,,,155.4166667,64.8625,65.33333333
2016,10,18,,,,,,,,,,,,,,,159.375,73.08333333,74.25
2016,10,19,,,,,,,,,,,,,,,162.8333333,78.34583333,77.54166667
2016,10,20,,,,,,,,,,,,,,,138.375,58.76666667,57.95833333
2016,10,21,28.8,35.8,25.5,1006,62,0,4.8,1.5,3.5,-,,,,,150.625,68.425,69.29166667
2016,10,22,29.9,33.6,23.6,1006.7,53,0,4.7,0,-,-,,,,,165.3333333,83.27916667,84.33333333
2016,10,23,29.3,33.2,22.8,1005.9,51,0,4.7,2.8,9.4,-,,,,,159.3333333,75.92083333,74.70833333
2016,10,24,,,,,,,,,,,,,,,160.7916667,74.41666667,75.16666667
2016,10,25,,,,,,,,,,,,,,,164.2083333,81.02083333,80.45833333
2016,10,26,,,,,,,,,,,o,,,,158.9166667,78.30416667,78.125
2016,10,27,25.2,30.2,24.2,1011.9,89,45.72,4,2.2,9.4,-,o,,o,,122.0833333,46.93333333,45.41666667
2016,10,28,26.3,30.5,24,1010.9,86,7.37,4.3,0,-,-,o,,,,112.4166667,42.01666667,43.75
2016,10,29,26.4,31.5,24.5,1010.5,83,10.16,5,0,-,-,,,,,115.9166667,42.73333333,41.625
2016,10,30,,,,,,,,,,,,,,,113.2083333,40.86666667,40.75
2016,10,31,,,,,,,,,,,,,,,133.4166667,55.59166667,57.25
2016,11,1,28.4,34,25.6,1011.1,76,0,4.7,0.7,3.5,-,,,,,135.875,62.97916667,61.70833333
2016,11,2,30.1,34.1,25.2,1011.1,65,0,4.7,1.1,3.5,-,,,,,132.2083333,51.52916667,51.25
2016,11,3,28.5,34.5,26,1011.8,70,0.51,4.5,0,-,-,o,,o,,134,51.69166667,53.625
2016,11,4,,,,,,,,,,,o,,,,136.5833333,61.59166667,60.45833333
2016,11,5,,,,,,,,,,,o,,,,89.33333333,29.96666667,28.04166667
2016,11,6,,,,,,,,,,,o,,,,48.70833333,12.40833333,12.45833333
2016,11,7,23.6,27.4,21.6,1008.9,84,0,4.3,1.5,3.5,-,,,,,106.8333333,41.43333333,44.58333333
2016,11,8,24,30.2,20.6,1010.6,81,0,4.3,0,-,-,,,,,167.5,88.85416667,90.66666667
2016,11,9,25.9,31.2,20.4,1011.3,66,0,4.8,0,-,-,,,,,150.0416667,75.54166667,72.95833333
2016,11,10,,,,,,,,,,,,,,,167.2916667,91.8875,94.54166667
2016,11,11,-,-,-,-,-,-,-,-,-,-,-,-,-,-,241.5416667,183.3541667,186.7916667
2016,11,12,,,,,,,,,,,,,,,202.125,141.2291667,139.7083333
2016,11,13,,,,,,,,,,,,,,,202.7083333,137.1416667,93.08333333
2016,11,14,24.6,30.6,20.2,1012.9,60,0,4,1.5,3.5,-,,,,,200.25,135.0458333,134.3333333
2016,11,15,23.8,29.8,19,1012.2,62,0,4,1.9,5.4,-,,,,,209.5416667,154.3083333,153.5416667
2016,11,16,24.7,29.7,20,1012.8,63,0,4.3,1.9,3.5,-,,,,,188.7916667,123.7125,122.0416667
2016,11,17,,,,,,,,,,,,,,,178.9166667,109.5416667,108.2083333
2016,11,18,-,-,-,-,-,-,-,-,-,-,-,-,-,-,189.625,123.4416667,123.9583333
2016,11,19,,,,,,,,,,,,,,,193.9583333,127.0166667,125.0416667
2016,11,20,,,,,,,,,,,,,,,178.125,106.1,105.4166667
2016,11,21,21.9,28.5,18.8,1010.4,71,0,4,0,-,-,,,,,171,97.19583333,98.875
2016,11,22,-,-,-,-,-,-,-,-,-,-,-,-,-,-,188.5416667,120.75,119.9583333
2016,11,23,22.2,28.5,17.7,1011.2,73,0,3.4,0.7,3.5,-,,,,,196.5833333,132.55,133.375
2016,11,24,-,-,-,-,-,-,-,-,-,-,-,-,-,-,183.25,115.7875,115.4166667
2016,11,25,22.7,29.2,18.3,1010.5,69,0,4.2,0.6,3.5,-,,,,,234.9166667,177.8291667,179.0833333
2016,11,26,,,,,,,,,,,,,,,182.6666667,113.6583333,113.3333333
2016,11,27,,,,,,,,,,,,,,,182.2083333,111.6708333,110.4166667
2016,11,28,,,,,,,,,,,,,,,197.3333333,129.2666667,128.9166667
2016,11,29,-,-,-,-,-,-,-,-,-,-,-,-,-,-,183.1666667,111.5916667,110
2016,11,30,23,29.2,18.6,1014.7,73,0,4.2,0.7,3.5,-,,,,,161.375,83.5875,84.58333333
2016,12,1,24.3,29.6,18.8,1014.2,69,0,4.2,0.6,3.5,-,,,,,170,92.0875,93.70833333
2016,12,2,22.9,29.6,18.8,1014.9,75,0,3.9,0.6,3.5,-,,,,,178.1666667,107.5,108.2083333
2016,12,3,24.3,29.5,19,1015.8,63,0,4,0.9,3.5,-,,,,,206.2916667,141.3,141.2083333
2016,12,4,,,,,,,,,,,,,,,168.0416667,93.62916667,93.33333333
2016,12,5,,,,,,,,,,,,,,,189.0416667,126.3416667,128
2016,12,6,,,,,,,,,,,,,,,191.75,129.7333333,129.0416667
2016,12,7,20.9,30.7,16.4,1012.8,72,0,3.9,0,-,-,,,,,197.8333333,127.4,123.125
2016,12,8,20.8,31,15.5,1011.6,68,0,4.2,0.6,3.5,-,,,,,174.5416667,106.6166667,109.4166667
2016,12,9,21.4,27.4,17,1010.9,70,0,3.5,1.9,3.5,-,,,,,199.2916667,139.45,140.7916667
2016,12,10,-,-,-,-,-,-,-,-,-,-,-,-,-,-,197.9166667,139.3083333,139.3333333
2016,12,11,,,,,,,,,,,,,,,203.0833333,143.85,142.75
2016,12,12,,,,,,,,,,,,,,,196.0833333,137.3125,136.375
2016,12,13,,,,,,,,,,,,,,,205.375,150.4958333,152.375
2016,12,14,19.3,23.4,17,1013.1,73,0,3.2,1.5,3.5,-,,,,,228.7083333,177.4125,178.5416667
2016,12,15,20.7,26.3,15.8,1013.1,68,0,3.4,2.4,3.5,-,,,,,232.0833333,179.0083333,181.2916667
2016,12,16,19.9,26.8,16.4,1013.1,73,0,3.4,0,-,-,,,,,226.7083333,167.4916667,168.125
2016,12,17,,,,,,,,,,,,,,,245.9166667,190.3375,189.8333333
2016,12,18,,,,,,,,,,,,,,,248.2916667,196.5333333,194.9166667
2016,12,19,,,,,,,,,,,,,,,237.625,187.4208333,189.5416667
2016,12,20,21.2,26.8,18.2,1013.1,67,0,3.9,0.7,3.5,-,,,,,223.875,169.8416667,168.7916667
2016,12,21,-,-,-,-,-,-,-,-,-,-,-,-,-,-,265,214.2416667,216.1666667
2016,12,22,-,-,-,-,-,-,-,-,-,-,-,-,-,-,280.0416667,228.9791667,226.375
2016,12,23,-,-,-,-,-,-,-,-,-,-,-,-,-,-,289.8333333,239.3375,242.7083333
2016,12,24,-,-,-,-,-,-,-,-,-,-,-,-,-,-,322.6666667,272.7916667,273.125
2016,12,25,-,-,-,-,-,-,-,-,-,-,-,-,-,-,253.75,199.3166667,197.1666667
2016,12,26,22.9,27.5,18.5,1012.3,74,0,2.6,0.9,3.5,-,,,,,266.7916667,216.0875,217.0416667
2016,12,27,21.3,26.5,18.3,1013.6,70,0,2.9,1.5,3.5,-,,,,,222.2083333,166.5458333,161.125
2016,12,28,-,-,-,-,-,-,-,-,-,-,-,-,-,-,203.4166667,146.6458333,147.625
2016,12,29,,,,,,,,,,,,,,,212.5416667,158.725,156.7916667
2016,12,30,,,,,,,,,,,,,,,223.8333333,167.8166667,169.1666667
2016,12,31,-,-,-,-,-,-,-,-,-,-,-,-,-,-,242.0833333,191.4,197.4583333
2017,1,1,-,-,-,-,-,-,-,-,-,-,-,-,-,-,287.2173913,236.6913043,231.5217391
2017,1,2,20.3,27.5,16.4,1014,72,0,2.6,0,-,-,,,,,262.4166667,208.5875,209.625
2017,1,3,22.5,27.2,15.9,1013.5,66,0,3.2,2.2,5.4,-,,,,,242.1666667,184.2625,181.9166667
2017,1,4,23.6,27.2,16.7,1012.5,53,0,2.9,3.1,5.4,-,,,,,189.75,127.1666667,127.7083333
2017,1,5,,,,,,,,,,,,,,o,253.375,203.2208333,206.7916667
2017,1,6,,,,,,,,,,,,,,,-520.125,-538.8666667,-743.5
2017,1,7,,,,,,,,,,,,,,,-999,-999,-999
2017,1,8,20.8,27,13.8,1011.6,59,0,3.5,0.9,3.5,-,,,,,-400.625,-434.85,-379.1666667
2017,1,9,22.9,27.3,15.4,1010.7,44,0,3.7,0.9,3.5,-,,,,,260.4166667,201.9083333,199.9166667
2017,1,10,-,-,-,-,-,-,-,-,-,-,-,-,-,-,243.875,187.1916667,183.9583333
2017,1,11,20,25,14.8,1012.1,63,0,2.7,2.2,5.4,-,,,,,222.875,171.225,176.2916667
2017,1,12,,,,,,,,,,,,,,,208.625,146.8416667,141.875
2017,1,13,-,-,-,-,-,-,-,-,-,-,-,-,-,-,185.4166667,121.2041667,120.875
2017,1,14,-,-,-,-,-,-,-,-,-,-,-,-,-,-,197.5416667,140.0125,139.375
2017,1,15,-,-,-,-,-,-,-,-,-,-,-,-,-,-,230.3333333,177.1958333,177.5
2017,1,16,-,-,-,-,-,-,-,-,-,-,-,-,-,-,224.1666667,171.7625,172.375
2017,1,17,-,-,-,-,-,-,-,-,-,-,-,-,-,-,297.625,248.7333333,254.4166667
2017,1,18,,,,,,,,,,,,,,,339.0416667,292.125,289.4166667
2017,1,19,-,-,-,-,-,-,-,-,-,-,-,-,-,-,245.9166667,189.975,183.5
2017,1,20,-,-,-,-,-,-,-,-,-,-,-,-,-,-,256.2916667,205.2875,206.2083333
2017,1,21,-,-,-,-,-,-,-,-,-,-,-,-,-,-,245.75,193.3,193.9166667
2017,1,22,-,-,-,-,-,-,-,-,-,-,-,-,-,-,260.9166667,210.1916667,210.5416667
2017,1,23,,,,,,,,,,,,,,,261.625,211.6041667,213.4166667
2017,1,24,-,-,-,-,-,-,-,-,-,-,-,-,-,-,256.375,204.8,159.5833333
2017,1,25,22.3,29.4,14.4,1017.2,57,0,3.9,0,-,-,,,,,300.5,243.1958333,247.8333333
2017,1,26,-,-,-,-,-,-,-,-,-,-,-,-,-,-,281.875,228.8916667,225.5416667
2017,1,27,21.7,27,17.1,1013.8,67,0,3.9,0,-,-,,,,,328.9166667,285.6708333,285.75
2017,1,28,22.4,27.8,16.7,1013.2,64,0,3.5,1.5,3.5,-,,,,,250.4583333,199.7708333,192.2083333
2017,1,29,-,-,-,-,-,-,-,-,-,-,-,-,-,-,208.3333333,141.625,140.8333333
2017,1,30,-,-,-,-,-,-,-,-,-,-,-,-,-,-,188.4166667,125.5875,125.7083333
2017,1,31,,,,,,,,,,,,,,,223.7083333,167.8291667,177.0833333
2017,2,1,20.1,27.4,15,1014.9,60,0,3.5,1.3,3.5,-,,,,,259.4166667,207.8166667,200.75
2017,2,2,-,-,-,-,-,-,-,-,-,-,-,-,-,-,227.2916667,170.9125,171.4583333
2017,2,3,-,-,-,-,-,-,-,-,-,-,-,-,-,-,278.75,228.9291667,232.625
2017,2,4,-,-,-,-,-,-,-,-,-,-,-,-,-,-,230.5833333,173.4541667,170.3333333
2017,2,5,26.1,32,16,1012,37,0,4.3,1.3,3.5,-,,,,,186.4166667,120.9375,120.3333333
2017,2,6,23.8,31,19.4,1010.3,54,0,3.7,0,-,-,,,,,219.4166667,162.7833333,162.4583333
2017,2,7,-,-,-,-,-,-,-,-,-,-,-,-,-,-,187.2083333,122.2791667,122.5833333
2017,2,8,-,-,-,-,-,-,-,-,-,-,-,-,-,-,213.875,156.3125,153.3333333
2017,2,9,-,-,-,-,-,-,-,-,-,-,-,-,-,-,204.9583333,144.3916667,146.8333333
2017,2,10,-,-,-,-,-,-,-,-,-,-,-,-,-,-,294.125,245.4583333,248.1666667
2017,2,11,,,,,,,,,,,,,,,237,184.9625,181.375
2017,2,12,-,-,-,-,-,-,-,-,-,-,-,-,-,-,187.0416667,123.5291667,122.875
2017,2,13,-,-,-,-,-,-,-,-,-,-,-,-,-,-,220.0833333,163.5583333,167.9166667
2017,2,14,-,-,-,-,-,-,-,-,-,-,-,-,-,-,273.125,220.6666667,218.0416667
2017,2,15,-,-,-,-,-,-,-,-,-,-,-,-,-,-,246.8333333,190.6083333,137.4166667
2017,2,16,-,-,-,-,-,-,-,-,-,-,-,-,-,-,230.5833333,178.875,211.5416667
2017,2,17,-,-,-,-,-,-,-,-,-,-,-,-,-,-,239.2083333,186.2666667,186.5833333
2017,2,18,-,-,-,-,-,-,-,-,-,-,-,-,-,-,261,209.0291667,210.8333333
2017,2,19,-,-,-,-,-,-,-,-,-,-,-,-,-,-,311.5,261.5833333,265.1666667
2017,2,20,,,,,,,,,,,,,,o,228.0833333,172.375,179.7916667
2017,2,21,,,,,,,,,,,,,,,171.2916667,94.85,93.70833333
2017,2,22,-,-,-,-,-,-,-,-,-,-,-,-,-,-,164.5,81.5625,117.5416667
2017,2,23,23.7,27.9,18.4,1011.9,58,0.51,4,0,-,-,,,,,-278.2083333,-333.8125,-220.625
2017,2,24,-,-,-,-,-,-,-,-,-,-,-,-,-,-,-999,-999,2.541666667
2017,2,25,-,-,-,-,-,-,-,-,-,-,-,-,-,-,-999,-999,-915.5
2017,2,26,22.2,29.8,15.6,1010.3,41,0,4.8,0.9,3.5,-,,,,,-999,-999,-999
2017,2,27,-,-,-,-,-,-,-,-,-,-,-,-,-,-,-749.0416667,-760.2666667,-713.0416667
2017,2,28,-,-,-,-,-,-,-,-,-,-,-,-,-,-,236.5833333,178.0416667,179.8333333
2017,3,1,26.7,31.5,17.9,1011.3,37,0,3.9,0.9,3.5,-,,,,,232.8333333,175.5125,182.2916667
2017,3,2,27.2,33.2,18,1009.2,47,0,3.7,1.9,3.5,-,,,,,243.4166667,180.0625,169.8333333
2017,3,3,25.9,33.4,21.4,1007.1,67,0,4,0.9,3.5,-,,,,,175,101.1541667,100.0416667
2017,3,4,-,-,-,-,-,-,-,-,-,-,-,-,-,-,164.25,81.82083333,83.25
2017,3,5,,,,,,,,,,,,,o,,143.1666667,55.75416667,53.29166667
2017,3,6,,,,,,,,,,,,,,o,153.9583333,67.65833333,69
2017,3,7,,,,,,,,,,,,,,,180.4583333,112.1875,114.7083333
2017,3,8,24.3,30.1,20.2,1008.7,63,0,3.9,1.9,3.5,-,o,,o,,178,108.4625,104.7916667
2017,3,9,24.1,27.8,18.8,1007.6,72,0,4.3,1.9,3.5,-,,,,,153.4583333,67.79166667,68.625
2017,3,10,24.6,32,19.8,1007,81,38.1,3.2,8.9,37,-,o,,o,,159.6666667,83.3,81.29166667
2017,3,11,,,,,,,,,,,o,,o,,122.6666667,45.57083333,47.54166667
2017,3,12,,,,,,,,,,,,,,,167.4583333,87.4,88.75
2017,3,13,,,,,,,,,,,,,,,166.5416667,90.4375,89
2017,3,14,23.8,29.5,16,1013,40,0,4.5,1.1,3.5,-,,,,,161.2083333,79.85,81.25
2017,3,15,22.9,29.8,16.3,1012.2,45,0,4.8,0.6,3.5,-,,,,,184.2083333,115.925,118.625
2017,3,16,23,30,16,1010.1,43,0,4.2,0,-,-,,,,,208.9583333,141.3083333,140.8333333
2017,3,17,,,,,,,,,,,,,,,237.125,177.2166667,176.8333333
2017,3,18,,,,,,,,,,,,,o,,157.25,71.9875,68
2017,3,19,-,-,-,-,-,-,-,-,-,-,-,-,-,-,175.4583333,102.6625,106.1666667
2017,3,20,,,,,,,,,,,o,,o,,145.3333333,62.47916667,59.625
2017,3,21,23.1,28.9,18,1012.5,65,0,4.3,0,-,-,o,,,,173.5,99.71666667,101.0416667
2017,3,22,24.7,31.2,18.3,1011.1,61,0,4.7,1.5,3.5,-,,,,,178.5416667,107.775,109.75
2017,3,23,27.1,30.7,20.7,1009.9,69,0,4.2,1.9,3.5,-,,,,,187.5833333,122.6291667,121.7916667
2017,3,24,,,,,,,,,,,,,,,188.375,121.8708333,121.9166667
2017,3,25,,,,,,,,,,,,,,,135.4583333,58.075,55.875
2017,3,26,,,,,,,,,,,,,,,157.375,74.5125,76.33333333
2017,3,27,-,-,-,-,-,-,-,-,-,-,-,-,-,-,163.1666667,79.1375,78
2017,3,28,27.4,30.6,24.8,1009.4,79,0,4.3,3.3,3.5,-,,,,,145.7083333,57.20833333,55.70833333
2017,3,29,26.9,30.1,25.5,1006.7,84,13.97,4,0.7,5.4,-,,,,,136.0833333,50.79583333,50.625
2017,3,30,28.5,33.2,24.6,1007.3,77,0,4.7,4.4,7.6,-,,,,,97.125,33.40416667,31.29166667
2017,3,31,-,-,-,-,-,-,-,-,-,-,-,-,-,-,123.4166667,45.97083333,45.29166667
2017,4,1,29.3,33.8,26,1006.4,71,0,5.1,6.3,9.4,-,,,,,96.625,33.29166667,33.875
2017,4,2,28.9,32.4,26.5,1006,71,0,4.7,10.2,16.5,-,,,,,126.0416667,45.92083333,45.79166667
2017,4,3,28,33.4,24.2,1006.6,74,7.11,4.8,5.2,7.6,-,,,,,111,39.55833333,40.20833333
2017,4,4,,,,,,,,,,,,,,,103.7916667,36.23333333,35.95833333
2017,4,5,,,,,,,,,,,o,,,,121.625,45.15,1.125
2017,4,6,,,,,,,,,,,,,,,138.3333333,56.02916667,58.75
2017,4,7,29.4,34,23,1006.5,75,0,4.8,2.6,5.4,-,,,,,145.5,68.74166667,67.58333333
2017,4,8,29.8,34,26,1007.6,76,0,4.5,1.9,5.4,-,,,,,144.1666667,60.46666667,61.70833333
2017,4,9,29.3,33.7,26.4,1006,77,0,4.8,0,-,-,,,,,158,69.15416667,68.91666667
2017,4,10,,,,,,,,,,,,,,,150.5,66.525,67.625
2017,4,11,,,,,,,,,,,,,,,160.5833333,73.99583333,74.20833333
2017,4,12,,,,,,,,,,,,,,,163.375,79.50416667,82
2017,4,13,30.4,36.2,25.2,1007.7,52,0,5.3,0,-,-,,,,,196.5416667,128.1375,129.8333333
2017,4,14,30.9,36.5,23,1007.5,43,0,4.8,0.6,3.5,-,,,,,217.4166667,153.8833333,149.9166667
2017,4,15,28.6,34.5,23.6,1005.7,60,0,5.3,3.7,7.6,-,,,,,151.5833333,65.0875,63.25
2017,4,16,,,,,,,,,,,o,,o,,98.625,34.2125,34.54166667
2017,4,17,,,,,,,,,,,,,,,160.75,76.34166667,78.08333333
2017,4,18,,,,,,,,,,,,,,,144.125,63.4,61.41666667
2017,4,19,26.1,33.4,22.2,1004.1,81,53.09,3.5,7.8,37,-,o,,o,,104.625,36.85416667,35.95833333
2017,4,20,26.2,29.6,21.5,1005.9,76,1.52,4.2,3.7,7.6,-,o,,,,114.6666667,40.87083333,41.79166667
2017,4,21,24.8,28.3,23,1005.7,84,2.54,4.2,6.1,9.4,-,o,,o,,119.875,45.275,45.25
2017,4,22,,,,,,,,,,,o,,o,,95.29166667,32.7625,32.5
2017,4,23,,,,,,,,,,,o,,o,,137.6666667,55.83333333,55.95833333
2017,4,24,,,,,,,,,,,o,,o,,118.2916667,44.29166667,44.41666667
2017,4,25,29.9,34,20,1003.2,77,17.53,5.1,6.3,11.1,-,,,,,147.1666667,64.84166667,64.54166667
2017,4,26,30.7,34,21.3,1005.7,76,0,5,7.2,14.8,-,,,,,155.9166667,69.47083333,71.04166667
2017,4,27,30.1,33.8,25.5,1006.7,71,0,5.3,3.3,5.4,-,,,,,150.0833333,58.8,58.25
2017,4,28,,,,,,,,,,,,,,,154.5833333,63.4,63.95833333
2017,4,29,,,,,,,,,,,o,,o,,122.7083333,44.65,43.54166667
2017,4,30,,,,,,,,,,,,,,,144.375,59.42916667,59.66666667
2017,5,1,26.8,33,22,1009.9,74,61.98,4.7,5.6,22.2,-,o,,o,,110.2916667,39.79583333,39.95833333
2017,5,2,27.8,33,21,1010.1,67,0,4.7,0,-,-,,,,,114.5416667,47.75,52.45833333
2017,5,3,30.3,35.1,25.8,1008.9,72,0,5,0.9,3.5,-,,,,,168.25,92.30416667,91.125
2017,5,4,,,,,,,,,,,,,,,142.8333333,61.87083333,60.70833333
2017,5,5,,,,,,,,,,,,,,,142.375,60.89583333,59.125
2017,5,6,,,,,,,,,,,,,,,113.0416667,40.5375,40.20833333
2017,5,7,30.3,34.6,24.5,1008.4,71,0,5.1,5,9.4,-,,,,,101.25,35.24166667,36.04166667
2017,5,8,31.4,35,27.8,1007.1,67,0,5.3,2,5.4,-,,,,,124.5,45.68333333,45.54166667
2017,5,9,26.2,31.7,24,1008,76,0.51,5.1,6.9,25.9,-,o,,o,,111.125,41.03333333,40.58333333
2017,5,10,,,,,,,,,,,,,,,162.0833333,78.82916667,81.54166667
2017,5,11,,,,,,,,,,,,,,,114.875,45.9,43.75
2017,5,12,,,,,,,,,,,,,,,144.75,56.27083333,57.70833333
2017,5,13,30.5,34.8,26.3,1004.5,66,0,5.5,2.8,7.6,-,,,,,147.2083333,59.8125,59.125
2017,5,14,29.3,34.7,25.4,1003.1,77,0,5,3.1,11.1,-,o,,,,127.5,48.175,47.625
2017,5,15,26.8,32.7,22.4,1001.7,76,89.92,4.5,4.1,14.8,-,o,,o,,92.5,31.49166667,31.20833333
2017,5,16,,,,,,,,,,,o,,,,102.8333333,35.85416667,37.5
2017,5,17,,,,,,,,,,,o,,o,,127.6666667,50.37916667,49.45833333
2017,5,18,,,,,,,,,,,,,,,103.5,36.37916667,36.70833333
2017,5,19,31.2,36,28.4,1003.7,71,0,5.6,2.2,5.4,-,,,o,,136.5,56.27083333,57.125
2017,5,20,32.3,36.2,28.2,1002.4,69,0,5.3,1.5,5.4,-,,,,,145.625,57.65,57.04166667
2017,5,21,31.4,36,26.3,1002.4,71,0,4.8,1.1,3.5,-,,,,,124.9166667,46.00416667,46.16666667
2017,5,22,,,,,,,,,,,,,,,131.2083333,48.22916667,48
2017,5,23,,,,,,,,,,,,,,,131.5416667,48.4125,49
2017,5,24,,,,,,,,,,,,,,,-57.91666667,-126.9458333,46.41666667
2017,5,25,31.3,35.2,28.6,1003.5,74,0,5,1.5,3.5,-,,,,,107.7916667,38.25833333,38.16666667
2017,5,26,29.8,34,26,1004.1,72,2.03,4.8,0.6,3.5,-,o,,,,102.4583333,36.29583333,36.20833333
2017,5,27,30.4,35,25.6,1002.8,72,0,5.5,0,-,-,,,,,129.375,52.40416667,55.5
2017,5,28,,,,,,,,,,,,,,,159.4583333,74.31666667,73.54166667
2017,5,29,,,,,,,,,,,o,,,,136.0416667,61.5125,17.83333333
2017,5,30,,,,,,,,,,,o,,,,71.75,21.82916667,20.58333333
2017,5,31,28.1,34,25.3,1001.4,85,16.51,4.7,0,-,-,o,,o,,142.1666667,61.80416667,61.375
2017,6,1,26.5,28,24.8,1002.4,90,7.62,4.7,2,5.4,-,o,,o,,99.75,35.45833333,36.54166667
2017,6,2,28,32.2,24.6,1003.2,80,24.38,5.1,5.9,14.8,-,o,,o,,95.66666667,34.85,33.54166667
2017,6,3,32.1,35,23.5,1000.9,75,0,5.3,3.9,5.4,-,,,,,103.8333333,40.64166667,41.08333333
2017,6,4,,,,,,,,,,,,,,,107.25,37.80416667,38.08333333
2017,6,5,,,,,,,,,,,o,,o,,116.2916667,41.71666667,42.16666667
2017,6,6,,,,,,,,,,,,,,,141.75,56.85,58.83333333
2017,6,7,31.1,35.5,27.7,1002.7,77,1.27,5.5,1.1,3.5,-,,,,,141.8333333,54.55,53.625
2017,6,8,29.5,36.1,24.8,1001.3,75,0,5,0.6,3.5,-,,,o,,150,68.25,67.70833333
2017,6,9,29.6,31.5,27.2,1001.1,81,0,5,1.1,5.4,-,o,,o,,130.0416667,50.32083333,50.875
2017,6,10,-,-,-,-,-,-,-,-,-,-,-,-,-,-,107.25,37.575,36.95833333
2017,6,11,-,-,-,-,-,-,-,-,-,-,-,-,-,-,55.625,15.29166667,13.95833333
2017,6,12,,,,,,,,,,,o,,,,32.91666667,8.120833333,8.25
2017,6,13,-,-,-,-,-,-,-,-,-,-,-,-,-,-,96.75,34.125,35.16666667
2017,6,14,-,-,-,-,-,-,-,-,-,-,-,-,-,-,103.4166667,37.65,37.125
2017,6,15,-,-,-,-,-,-,-,-,-,-,-,-,-,-,81.08333333,26.2125,25.91666667
2017,6,16,-,-,-,-,-,-,-,-,-,-,-,-,-,-,64.95833333,19.07083333,20
2017,6,17,-,-,-,-,-,-,-,-,-,-,-,-,-,-,103.875,38.5125,40
2017,6,18,-,-,-,-,-,-,-,-,-,-,-,-,-,-,104.75,37.04583333,36.16666667
2017,6,19,,,,,,,,,,,o,,o,,118.5833333,43.22916667,44
2017,6,20,,,,,,,,,,,,,,,129.4583333,48.95,49.75
2017,6,21,29,32.4,26.5,1000,81,0,5.3,1.9,5.4,-,,,,,122.0833333,49.8125,4.166666667
2017,6,22,29.6,32.4,27.4,1000.4,81,0,5.3,0.9,3.5,-,,,,,102.0416667,35.725,36.08333333
2017,6,23,29.7,34.5,27.2,999.8,75,0,5,0,-,-,,,,,90.04166667,30.27083333,29.66666667
2017,6,24,,,,,,,,,,,,,,,75.16666667,23.70833333,23.79166667
2017,6,25,,,,,,,,,,,,,,,43.41666667,11.20833333,10.41666667
2017,6,26,,,,,,,,,,,,,,,-10.66666667,7.595833333,7.916666667
2017,6,27,30.2,34,28,1001.6,74,0,5.3,2,5.4,-,,,,,35.41666667,8.491666667,8.291666667
2017,6,28,29.9,33.2,28.2,1002,76,0,5.3,2.4,5.4,-,,,,,44.54166667,11.2875,11.5
2017,6,29,29.9,33.2,28,1000.5,80,9.4,4.8,0.9,3.5,-,o,,,,51.625,13.25,13.04166667
2017,6,30,,,,,,,,,,,,,,,60.04166667,16.525,17.16666667
2017,7,1,29,31.8,27.5,998.5,83,5.59,4.5,2,5.4,-,o,,,,56.33333333,15.30833333,15
2017,7,2,28.6,32.2,26.9,998.2,89,21.08,3.9,3.5,5.4,-,o,,o,,57.875,15.93333333,16.625
2017,7,3,28.1,30.2,26.5,998.3,88,41.15,3.7,1.9,5.4,-,o,,,,93.58333333,32.82916667,33.33333333
2017,7,4,-,-,-,-,-,-,-,-,-,-,-,-,-,-,108.3333333,39.24583333,39.25
2017,7,5,-,-,-,-,-,-,-,-,-,-,-,-,-,-,84.70833333,27.64583333,27.79166667
2017,7,6,-,-,-,-,-,-,-,-,-,-,-,-,-,-,88.41666667,29.43333333,29.16666667
2017,7,7,-,-,-,-,-,-,-,-,-,-,-,-,-,-,97.08333333,33.5125,33.54166667
2017,7,8,-,-,-,-,-,-,-,-,-,-,-,-,-,-,100.125,34.775,34.45833333
2017,7,9,-,-,-,-,-,-,-,-,-,-,-,-,-,-,81.58333333,26.5875,26.83333333
2017,7,10,-,-,-,-,-,-,-,-,-,-,-,-,-,-,93.04166667,31.74166667,31.66666667
2017,7,11,,,,,,,,,,,o,,,,98.79166667,34.14166667,35.04166667
2017,7,12,,,,,,,,,,,o,,o,,93.41666667,31.74583333,31.875
2017,7,13,-,-,-,-,-,-,-,-,-,-,-,-,-,-,83.16666667,27.1375,26.79166667
2017,7,14,,,,,,,,,,,,,,,75.375,23.67083333,-19.54166667
2017,7,15,30.7,34,27.3,1001.1,68,0,5,2,5.4,-,,,,,88.54166667,29.675,-13.625
2017,7,16,31.8,35.8,28,999.1,68,0,5.3,2,3.5,-,,,,,91.58333333,31.2375,31.375
2017,7,17,31.4,35.4,27.5,998.7,74,7.37,5,0.6,3.5,-,,,,,81.41666667,26.6,-102.25
2017,7,18,,,,,,,,,,,,,,,-774,-785.3708333,-785.625
2017,7,19,,,,,,,,,,,o,,,,51.29166667,13.4625,13.625
2017,7,20,,,,,,,,,,,o,,,,71.25,21.8,22.20833333
2017,7,21,27.2,28.3,25.9,1001.1,91,9.4,3.7,0.4,1.9,-,o,,,,62.08333333,17.6125,16.83333333
2017,7,22,29.2,32.6,26.2,1000.3,79,4.32,4.7,0,-,-,,,,,60.95833333,16.975,17.25
2017,7,23,27.7,31.3,26,999.1,86,24.38,3.7,1.1,3.5,-,o,,o,,64.95833333,18.75416667,18.875
2017,7,24,,,,,,,,,,,o,,,,67.83333333,20.55833333,20.75
2017,7,25,,,,,,,,,,,o,,,,95.45833333,32.875,33.16666667
2017,7,26,,,,,,,,,,,o,,o,,89.16666667,29.78333333,29.91666667
2017,7,27,30.2,33.4,24.9,1003,77,0,5.5,2.4,3.5,-,,,o,,100.9166667,35.175,35.29166667
2017,7,28,31.6,35,27,1003.7,71,0,5.6,0.6,3.5,-,,,,,122.1666667,46.18333333,46.5
2017,7,29,29.8,32.4,27.5,1003.6,81,9.14,5,0,-,-,o,,o,,117.9583333,44.11666667,44.29166667
2017,7,30,,,,,,,,,,,o,,o,,138.875,60.4125,60.75
2017,7,31,,,,,,,,,,,,,o,,124,50.1375,49.25
2017,8,1,30.4,33.6,28.2,1001.5,78,0,4.5,1.1,3.5,-,,,,,106.0833333,37.25,37.58333333
2017,8,2,28.8,33.4,27.2,1000.6,89,31.24,4,0,-,-,o,,o,,119.25,44.2875,-41.75
2017,8,3,29,33.4,26.7,998,86,122.94,4.3,0.6,3.5,-,o,,o,,133.1666667,53.54166667,8.75
2017,8,4,,,,,,,,,,,,,,,104.375,37.25416667,37.20833333
2017,8,5,,,,,,,,,,,,,,,73.375,22.7125,22.91666667
2017,8,6,,,,,,,,,,,,,,,104.5833333,37.0625,36.83333333
2017,8,7,29.4,32.4,26,1004.1,78,5.08,5.1,0.7,3.5,-,o,,,,84.58333333,27.8625,27.875
2017,8,8,30.8,34.2,28.4,1003.4,73,0,5,1.1,3.5,-,,,,,105.6666667,37.49166667,37.625
2017,8,9,29.3,33.8,28,1003.4,81,1.02,5.1,2.8,5.4,-,,,,,89.79166667,30.38333333,30.16666667
2017,8,10,,,,,,,,,,,o,,,,76.625,24.29166667,24.20833333
2017,8,11,,,,,,,,,,,o,,o,,96.95833333,33.07916667,33.875
2017,8,12,,,,,,,,,,,o,,o,,84.91666667,28.00833333,28.20833333
2017,8,13,27.7,31.6,25.6,1004.6,89,0.51,4.5,0.6,3.5,-,o,,,,99.66666667,34.73333333,34.95833333
2017,8,14,28.7,30.8,27.4,1004.7,86,19.56,4.7,0,-,-,o,,,,125.0833333,48.08333333,50.66666667
2017,8,15,28.5,32,26.7,1003.4,87,13.72,4.3,0,-,-,,,,,110.9166667,40.25833333,38.20833333
2017,8,16,,,,,,,,,,,o,,o,,148.3333333,63.7375,19.25
2017,8,17,,,,,,,,,,,o,,,,122.875,45.77916667,45.83333333
2017,8,18,,,,,,,,,,,,,,,82.54166667,26.675,25.79166667
2017,8,19,30.3,34,25.4,1004.4,70,0.25,5.5,2.8,5.4,-,,,,,68.5,20.95,21
2017,8,20,30.6,33.5,27.5,1003.6,72,0,5.3,1.5,3.5,-,,,,,84.33333333,27.87916667,28
2017,8,21,28.8,33.6,27.4,1002.3,87,17.78,4.5,0,-,-,o,,o,,111.625,41.425,43.91666667
2017,8,22,,,,,,,,,,,o,,o,,106.875,44.38333333,42.08333333
2017,8,23,,,,,,,,,,,o,,,,77.79166667,24.49166667,24.125
2017,8,24,,,,,,,,,,,o,,,,78.58333333,25.0125,-17.5
2017,8,25,29,32.5,27.2,1000.8,87,28.19,5,0,-,-,o,,o,,84.45833333,27.71666667,27.79166667
2017,8,26,29.3,32.6,26,999.7,79,38.1,4.3,1.9,9.4,-,o,,,,73.58333333,22.69166667,22.54166667
2017,8,27,29.7,33.4,25.4,1001,77,10.67,4.8,2,3.5,-,o,,,,64.95833333,18.98333333,18.91666667
2017,8,28,,,,,,,,,,,o,,,,68.95833333,20.72083333,22.08333333
2017,8,29,,,,,,,,,,,,,,,83.5,27.33333333,27.79166667
2017,8,30,,,,,,,,,,,,,,,79.625,25.70416667,24.75
2017,8,31,28.2,31.3,26.2,1004.4,89,29.21,4.5,0.7,3.5,-,o,,o,,86.125,28.35416667,28.66666667
2017,9,1,28.7,30.8,25.6,1004.2,85,0,4.8,0,-,-,,,,,64.54166667,19.05833333,18.45833333
2017,9,2,29.2,33,27,1002.1,77,0,5.1,1.1,3.5,-,,,,,70.41666667,21.7375,21.91666667
2017,9,3,28.5,33.9,26.6,1003.6,84,3.05,4.5,1.5,3.5,-,o,,o,,78.20833333,25.0375,24.83333333
2017,9,4,,,,,,,,,,,,,,,85.125,28.2375,29.54166667
2017,9,5,,,,,,,,,,,,,,,119,42.7375,42.75
2017,9,6,,,,,,,,,,,,,o,,141.125,54.325,54.45833333
2017,9,7,30.4,34.8,28,1005.7,76,0,4.5,1.1,3.5,-,,,o,,96.125,33.50833333,34.16666667
2017,9,8,30.3,34.7,28,1006,76,0,4.8,2.8,5.4,-,,,,,74.04166667,22.82083333,21.08333333
2017,9,9,29.7,32.4,27.8,1005.4,77,0,4.5,2,5.4,-,,,,,63.20833333,18.12083333,18.125
2017,9,10,,,,,,,,,,,o,,o,,73.04166667,22.9375,23.83333333
2017,9,11,,,,,,,,,,,o,,o,,128.0833333,54.99166667,55.29166667
2017,9,12,,,,,,,,,,,,,,,100.4166667,34.72916667,34.04166667
2017,9,13,28.9,32.6,26.4,1006.8,83,7.37,4.3,0,-,-,o,,o,,120.75,44.57916667,44.79166667
2017,9,14,29.3,32.5,27,1005.4,82,0,4.7,0,-,-,,,,,98.75,34.07083333,34.66666667
2017,9,15,29.6,33.4,26.9,1004,79,0,5,0,-,-,o,,,,131.5416667,55.60833333,57.125
2017,9,16,,,,,,,,,,,,,,,124.5833333,53.74583333,9.041666667
2017,9,17,,,,,,,,,,,o,,o,,117.6666667,43.775,42.95833333
2017,9,18,,,,,,,,,,,,,,,60.875,17.975,17.20833333
2017,9,19,27.2,30,26.1,1002.2,91,12.7,4.2,1.7,7.6,-,o,,,,57.41666667,15.87916667,16.625
2017,9,20,28.6,31,26,1004.5,86,38.86,3.9,2.8,5.4,-,o,,,,74.625,23.25833333,22.95833333
2017,9,21,29.1,32.8,26,1005.2,79,2.29,5.3,1.9,3.5,-,o,,,,83,27.35416667,27.83333333
2017,9,22,,,,,,,,,,,,,,,83.33333333,27.50833333,-58.16666667
2017,9,23,,,,,,,,,,,,,,,-907.9166667,-913.025,-999
2017,9,24,,,,,,,,,,,o,,,,-810.1666667,-824.3708333,-780.2916667
2017,9,25,30.4,33.9,28.6,1003.6,83,4.83,4,0,-,-,o,,o,,151.7916667,62.58333333,19.70833333
2017,9,26,30.2,32.8,27.9,1004.5,84,0.25,4.3,0.9,3.5,-,,,,,162.5416667,77.42916667,80.33333333
2017,9,27,28.5,32.5,27.8,1005.8,90,3.3,4.2,0,-,-,o,,,,162.5,82.19583333,80.58333333
2017,9,28,,,,,,,,,,,o,,,,98.29166667,40.44166667,36.83333333
2017,9,29,,,,,,,,,,,o,,,,50.20833333,15.27083333,16.66666667
2017,9,30,,,,,,,,,,,o,,o,,103.3333333,36.11666667,36.375
2017,10,1,27.2,32.5,25.5,1006.8,92,24.89,3.9,0.6,3.5,-,o,,o,,125.5416667,46.7875,47.29166667
2017,10,2,29,33.2,25.4,1005.9,79,0,5,1.1,3.5,-,o,,,,105.5416667,40.2875,42.08333333
2017,10,3,30.1,35,26,1006.2,74,0,4.7,0.6,3.5,-,,,,,151.0833333,74.88333333,72.70833333
2017,10,4,,,,,,,,,,,,,,,119.875,45.15416667,2.041666667
2017,10,5,,,,,,,,,,,o,,,,125.25,49.4625,47.83333333
2017,10,6,,,,,,,,,,,,,,,143.4166667,60.08333333,59.5
2017,10,7,28.1,32.5,26.5,1006.5,81,1.78,4.2,1.5,3.5,-,,,,,70.45833333,21.25416667,21.16666667
2017,10,8,28.3,31.9,26,1006,77,0.76,5.3,4.6,5.4,-,,,,,51.79166667,13.4125,13
2017,10,9,27.1,29,25.8,1006.3,85,0.25,4,2.4,7.6,-,o,,,,53,14.56666667,15
2017,10,10,,,,,,,,,,,,,,,86.125,28.325,29
2017,10,11,,,,,,,,,,,,,,,116.5416667,42.7875,43.83333333
2017,10,12,,,,,,,,,,,,,,,129.1666667,49.44583333,48.75
2017,10,13,30.6,34,27.7,1003.9,70,0,4.8,0.9,5.4,-,,,,,75.5,23.75833333,22.70833333
2017,10,14,30.8,33.6,27.2,1004,69,0,5,3.3,9.4,-,,,,,63.45833333,18.80416667,19.29166667
2017,10,15,-,-,-,-,-,-,-,-,-,-,-,-,-,-,133.625,66.30833333,70.5
2017,10,16,-,-,-,-,-,-,-,-,-,-,-,-,-,-,170.9166667,94.14583333,92.125
2017,10,17,-,-,-,-,-,-,-,-,-,-,-,-,-,-,165.0833333,83.725,84.58333333
2017,10,18,29.3,32.2,26.5,1006.7,75,0,4.7,2.4,7.6,-,,,,,115.4166667,54.05416667,50.16666667
2017,10,19,,,,,,,,,,,o,,,,79.66666667,27.7125,27.33333333
2017,10,20,,,,,,,,,,,o,,,,55.33333333,14.78333333,14.66666667
2017,10,21,,,,,,,,,,,o,,,,44.54166667,10.975,10.70833333
2017,10,22,24.6,28.5,22,1006.7,87,0.76,4.3,0,-,-,o,,,,68.875,22.49166667,24.5
2017,10,23,-,-,-,-,-,-,-,-,-,-,-,-,-,-,137.5833333,56.25833333,56.875
2017,10,24,-,-,-,-,-,-,-,-,-,-,-,-,-,-,156.9166667,72.82916667,73.5
2017,10,25,-,-,-,-,-,-,-,-,-,-,-,-,-,-,171.6666667,94.95,96.625
2017,10,26,-,-,-,-,-,-,-,-,-,-,-,-,-,-,155,70.8,71.25
2017,10,27,-,-,-,-,-,-,-,-,-,-,-,-,-,-,169.5833333,91.325,90.91666667
2017,10,28,25.9,30,21.4,1012,70,0,3.7,0,-,-,,,,,163.8333333,80.19166667,79.83333333
2017,10,29,24.9,30.4,20.5,1013.8,71,0,3.9,0,-,-,,,,,165.9583333,85.02083333,84.125
2017,10,30,,,,,,,,,,,o,,,,-283.7083333,-336.9916667,-515.25
2017,10,31,,,,,,,,,,,,,,,-714.0833333,-734.8541667,-691.4583333
2017,11,1,25.1,30.5,20,1013.1,69,0,4,1.9,3.5,-,,,,,126.9583333,49.6,50.58333333
2017,11,2,26.2,31.1,21,1011,66,0,4,0.9,5.4,-,,,,,136.4583333,61.8375,62.95833333
2017,11,3,24.6,31.8,20.4,1011.3,72,0,4.2,1.3,7.6,-,,,,,142.5,67.45,65.33333333
2017,11,4,,,,,,,,,,,,,,,117.7916667,45.53333333,44.5
2017,11,5,,,,,,,,,,,,,,,117.5416667,42.5875,43.375
2017,11,6,,,,,,,,,,,,,,,139.5416667,59.425,60.41666667
2017,11,7,28,32.4,22,1011.2,55,0,4.8,0.9,3.5,-,,,,,138.3333333,59.94583333,60.83333333
2017,11,8,25.7,32,21.6,1010.6,64,0,4.7,1.1,3.5,-,,,,,131.8333333,59.08333333,57.08333333
2017,11,9,25.7,31.2,21.2,1010.4,67,0,4.5,0.6,3.5,-,,,,,148.7083333,68.56666667,72.79166667
2017,11,10,,,,,,,,,,,,,,,141.2083333,73.31666667,71.16666667
2017,11,11,,,,,,,,,,,,,,,149.4583333,75.35833333,75.5
2017,11,12,,,,,,,,,,,,,,,157,81.4,80.54166667
2017,11,13,27.2,32.8,21.6,1008.8,53,0,5.1,1.1,3.5,-,,,,,144.7083333,60.14583333,60.95833333
2017,11,14,26.3,30.6,21.6,1009.6,63,0,4.5,0,-,-,,,,,134.4166667,54.32083333,52.16666667
2017,11,15,23.6,27.2,21.4,1011.3,78,3.56,3.4,0.9,3.5,-,o,,,,134.75,53.98333333,53.5
2017,11,16,,,,,,,,,,,o,,,,85,28.26666667,28
2017,11,17,,,,,,,,,,,o,,,,86.125,30.06666667,31.95833333
2017,11,18,,,,,,,,,,,,,,,122.2916667,46.3125,46.70833333
2017,11,19,26.4,31.4,21,1011.1,69,0,4.5,0,-,-,,,,,152.2083333,70.12916667,71.04166667
2017,11,20,26.3,30.7,20.5,1011.3,61,0,4.5,1.1,3.5,-,,,,,181.2916667,110.4041667,115.1666667
2017,11,21,23.9,29,20.2,1010.7,53,0,4.5,3.9,9.4,-,,,,,209.875,147.175,142.125
2017,11,22,,,,,,,,,,,,,,,182.0416667,115.4708333,118.4166667
2017,11,23,,,,,,,,,,,,,,,228.0833333,176.4833333,177.6666667
2017,11,24,,,,,,,,,,,,,,,206.0833333,148.1708333,147.0833333
2017,11,25,21.8,28.7,19,1013.6,62,0,3.9,3,9.4,-,,,,,206.5833333,149.3083333,147.6666667
2017,11,26,-,-,-,-,-,-,-,-,-,-,-,-,-,-,204.625,145.5833333,145.8333333
2017,11,27,-,-,-,-,-,-,-,-,-,-,-,-,-,-,192.7916667,128.6541667,127.7916667
2017,11,28,22.3,28,17.3,1012.7,62,0,2.9,0,-,-,,,,,291.0416667,241.325,248.8333333
2017,11,29,-,-,-,-,-,-,-,-,-,-,-,-,-,-,299.0416667,246.45,241.5
2017,11,30,23.4,28.3,18.4,1011.9,56,0,3.7,0.9,3.5,-,,,,,212,152.4666667,148.6666667
2017,12,1,21.2,27.2,16.7,1013.1,72,0,3.1,0,-,-,,,,,194.5416667,130.9208333,129.1666667
2017,12,2,22.8,28.9,17.2,1012.9,63,0,3.9,1.1,5.4,-,,,,,203.0833333,138.0958333,138.25
2017,12,3,22.3,28.5,18,1012.5,56,0,4.2,0,-,-,,,,,169.375,105.5666667,104.9583333
2017,12,4,,,,,,,,,,,,,,,186.3333333,118.3458333,116.0833333
2017,12,5,,,,,,,,,,,,,,,196.7916667,132.1125,134.1666667
2017,12,6,,,,,,,,,,,,,,,186.9166667,122.9041667,122.7916667
2017,12,7,23.4,28.6,16.5,1011.2,62,0,4.2,0,-,-,,,,,186.7083333,120.8875,119.4583333
2017,12,8,22.7,25.6,20.4,1012.1,69,0,3.9,0,-,-,,,,,164.8333333,86.74583333,87.58333333
2017,12,9,21,22.8,18.7,1011.9,94,9.14,3.2,2,7.6,-,o,,,,104.6666667,46.7,42.125
2017,12,10,,,,,,,,,,,o,,,,50.75,13.77916667,14.20833333
2017,12,11,,,,,,,,,,,o,,,,89.91666667,32.83333333,35.125
2017,12,12,,,,,,,,,,,,,,o,161.9166667,78.83333333,83.25
2017,12,13,23.7,28.7,19.2,1013.5,81,0,1.9,0,-,-,,,,o,259.3333333,202.5791667,208.3333333
2017,12,14,23.1,28.6,17.4,1014.7,64,0,3.2,0,-,-,,,,,265.5833333,206.4791667,203.125
2017,12,15,24.1,27.2,16.2,1014.8,53,0,3.7,1.9,3.5,-,,,,,218.875,159.4583333,155.4166667
2017,12,16,,,,,,,,,,,,,,,204.625,145.7333333,149
2017,12,17,,,,,,,,,,,,,,o,244.9583333,191.2166667,187.5833333
2017,12,18,-,-,-,-,-,-,-,-,-,-,-,-,-,-,186.125,122.0166667,120.875
2017,12,19,,,,,,,,,,,,,,o,190.5833333,130.2125,133.4583333
2017,12,20,20.3,25.2,15.6,1017.7,83,0,1.6,0,-,-,,,,o,210.875,155.6458333,154.4166667
2017,12,21,21.6,26.1,15.8,1016.6,70,0,2.3,0,-,-,,,,,209.75,154.075,154.0416667
2017,12,22,20.7,27.2,16,1015.1,80,0,2.7,0,-,-,,,,,203.6666667,141.5541667,143.7083333
2017,12,23,,,,,,,,,,,,,,,214.9583333,156.8916667,156.9583333
2017,12,24,,,,,,,,,,,,,,,239.3333333,184.8333333,182.625
2017,12,25,,,,,,,,,,,,,,,215.125,156.9208333,155.0416667
2017,12,26,22.4,26.3,17.8,1012.7,68,0,3.2,1.5,3.5,-,,,,,214,159.8291667,162.125
2017,12,27,-,-,-,-,-,-,-,-,-,-,-,-,-,-,227.9583333,175.3083333,176.5
2017,12,28,19.1,24.6,16.2,1014.2,84,0,1.9,1.9,3.5,-,,,,o,232.4583333,182.275,182.5
2017,12,29,21.7,27,15.3,1014.2,70,0,2.9,0,-,-,,,,,223.9583333,165.8875,164.5833333
2017,12,30,,,,,,,,,,,,,,o,195.3333333,128.5583333,125
2017,12,31,-,-,-,-,-,-,-,-,-,-,-,-,-,-,203.5,141.3916667,143.3333333
2018,1,1,-,-,-,-,-,-,-,-,-,-,-,-,-,-,206.6956522,148.3869565,150.173913
2018,1,1,-,-,-,-,-,-,-,-,-,-,-,-,-,-,215,164.7,149
2018,1,2,-,-,-,-,-,-,-,-,-,-,-,-,-,-,224.3333333,172.2291667,169.0416667
2018,1,3,18.6,24.6,14.2,1011.8,48,0,3.2,3.5,9.4,-,,,,,203.5833333,147.5625,146.1666667
2018,1,4,15.7,21.8,10.5,1013.4,69,0,2.7,3.5,5.4,-,,,,,227.9583333,177.7333333,182.0833333
2018,1,5,16.3,22.5,11.5,1011.5,78,0,1.9,2,3.5,-,,,,o,268,218.08,-753.4
2018,1,8,-,-,-,-,-,-,-,-,-,-,-,-,-,-,133.7272727,88.19090909,204.8181818
2018,1,9,-,-,-,-,-,-,-,-,-,-,-,-,-,-,250.2083333,198.4625,195.7916667
2018,1,10,-,-,-,-,-,-,-,-,-,-,-,-,-,-,263.7083333,213.6458333,218.0416667
2018,1,11,,,,,,,,,,,,,,o,308.4583333,258.225,256.9583333
2018,1,12,,,,,,,,,,,,,,o,300.125,250.0166667,248.7083333
2018,1,13,15.7,20.5,11.5,1013.3,82,0,1.3,0,-,-,,,,o,300.4583333,250.2125,253.5833333
2018,1,14,14.6,18.9,12.4,1013.8,88,0,0.8,1.5,5.4,-,,,,o,333.875,283.8791667,280.5416667
2018,1,15,15.7,22.2,10.6,1012.9,82,0,1.4,0.9,3.5,-,,,,o,268.7083333,218.8083333,217.9166667
2018,1,16,,,,,,,,,,,,,,,265.2916667,210.575,207.5833333
2018,1,17,,,,,,,,,,,,,,,272.5,222.3208333,221.875
2018,1,18,-,-,-,-,-,-,-,-,-,-,-,-,-,-,222.4583333,164.9541667,160.5833333
2018,1,19,-,-,-,-,-,-,-,-,-,-,-,-,-,-,214.125,155.3375,156.375
2018,1,20,-,-,-,-,-,-,-,-,-,-,-,-,-,-,213.375,152.9333333,153.5416667
2018,1,21,-,-,-,-,-,-,-,-,-,-,-,-,-,-,263.6666667,209.325,211.9583333
2018,1,22,-,-,-,-,-,-,-,-,-,-,-,-,-,-,276.0416667,225.2416667,220.4583333
2018,1,23,-,-,-,-,-,-,-,-,-,-,-,-,-,-,254.125,200.5,200.2083333
2018,1,24,-,-,-,-,-,-,-,-,-,-,-,-,-,-,287.1666667,232.5375,235.125
2018,1,25,,,,,,,,,,,,,,,254.0416667,199.9041667,194.125
2018,1,26,20.3,25.7,13.8,1011.2,47,0,3.5,0,-,-,,,,,189.75,127.35,126.5833333
2018,1,27,17.1,22.3,13,1012.3,63,0,3.4,2.4,5.4,-,,,,,209.125,153.6125,153.7083333
2018,1,28,17.1,24.2,11.5,1013.3,57,0,2.9,1.5,5.4,-,,,,,226.7083333,171.7958333,176.6666667
2018,1,29,,,,,,,,,,,,,,o,284.3333333,230.3291667,233.9583333
2018,1,30,,,,,,,,,,,,,,o,321,281.1333333,276.9583333
2018,1,31,,,,,,,,,,,,,,o,265.0416667,210.4708333,157.5833333
2018,2,1,20.7,25.5,14.4,1011.2,59,0,2.6,0.7,3.5,-,,,,,239.375,188.0333333,194.625
2018,2,2,20.8,25.8,17.6,1011.8,73,0,1.3,0,-,-,,,,o,336.125,288.6041667,285.7083333
2018,2,3,20.1,25.5,16,1012.5,79,0,1.1,0,-,-,,,,o,327.0416667,278.8666667,284.7083333
2018,2,4,-,-,-,-,-,-,-,-,-,-,-,-,-,-,280,226.3458333,216.125
2018,2,5,-,-,-,-,-,-,-,-,-,-,-,-,-,-,193.0416667,126.7041667,133.4583333
2018,2,6,,,,,,,,,,,,,,o,284,233.3166667,228
2018,2,7,,,,,,,,,,,,,,,322.125,283.15,281
2018,2,8,,,,,,,,,,,,,,,180.5416667,112.7041667,109.8333333
2018,2,9,23.1,28.6,17.6,1011.4,54,0,3.2,0.9,3.5,-,,,,,189.5833333,121.5333333,125
2018,2,10,23.6,28.5,20.4,1014.3,46,0,2.7,1.9,3.5,-,,,,o,182.2916667,115.1333333,114.0416667
2018,2,11,22.2,27.8,18.2,1016.2,36,0,3.4,0.7,5.4,-,,,,,179.125,109.7833333,109
2018,2,12,,,,,,,,,,,,,,,204.2083333,144.875,145.6666667
2018,2,13,,,,,,,,,,,,,,,193.6666667,133.7041667,132
2018,2,14,,,,,,,,,,,,,,,178.125,107.6458333,107.5
2018,2,15,22.3,27.8,17.8,1017.2,47,0,4.3,2.2,5.4,-,,,,,191.3333333,123.2083333,123.3333333
2018,2,16,22.4,28.2,16.8,1014.8,47,0,4.2,2.6,5.4,-,,,,,192.7916667,126.9125,127.0833333
2018,2,17,22.3,28.3,16.1,1011,56,0,4,1.1,5.4,-,,,,,213.75,154.4166667,157.0833333
2018,2,18,,,,,,,,,,,,,,,266.8333333,210.9333333,210.7916667
2018,2,19,,,,,,,,,,,,,,,222.7083333,168.0125,166.7083333
2018,2,20,,,,,,,,,,,,,,,264,208.6125,215.0416667
2018,2,21,24.8,31.1,19.3,1009.6,62,0,3.5,1.1,5.4,-,,,,,226.75,173.5916667,172.625
2018,2,22,25,31,20,1009.2,58,0,3.9,0.9,3.5,-,,,,,224.125,166.6,166
2018,2,23,25.3,31.6,19.3,1010.4,66,0,3.5,0.6,3.5,-,,,,,215.5416667,160.1791667,162.7083333
2018,2,24,,,,,,,,,,,,,,,184.1666667,116.225,115.0833333
2018,2,25,,,,,,,,,,,,,,,212.0833333,148.4125,147.2083333
2018,2,26,,,,,,,,,,,o,,o,,160.0833333,74.85,73.25
2018,2,27,25.3,31,19,1010.8,71,0,3.9,0.9,3.5,-,,,,,177.5833333,107.2041667,107.9166667
2018,2,28,25.8,31.8,20.4,1010.3,57,0,4.3,1.3,3.5,-,,,,,173.6666667,99.28333333,100.4166667
2018,3,1,25.9,31.5,20.4,1009.7,58,0,3.7,0.7,5.4,-,,,,,188.2916667,125.0833333,127.2916667
2018,3,2,26.7,32.6,20.8,1007.8,56,0,3.9,1.9,9.4,-,,,,,221.4166667,162.8875,163.5416667
2018,3,3,27.4,33.8,22,1005.6,63,0,3.7,2.8,5.4,-,,,,,168.4583333,87.31666667,84
2018,3,4,,,,,,,,,,,,,,,166.2083333,84.92916667,85
2018,3,5,,,,,,,,,,,,,,,160.125,76.05,75.70833333
2018,3,6,,,,,,,,,,,,,,,179.7916667,105.6666667,110.0833333
2018,3,7,26.2,32.3,19.6,1011.6,35,0,4.7,2.8,5.4,-,,,,,181.9166667,108.5666667,105.0416667
2018,3,8,26.5,32,17.5,1011.4,39,0,4.5,1.9,5.4,-,,,,,175.2916667,101.675,102.0833333
2018,3,9,25.6,32.2,19.8,1010.2,50,0,4.5,2,5.4,-,,,,,191.5833333,125.4,128.75
2018,3,10,,,,,,,,,,,,,,,222.5416667,156.8791667,155.9583333
2018,3,11,,,,,,,,,,,,,,,267.4583333,211.2666667,213.625
2018,3,12,,,,,,,,,,,,,,,215.7916667,145.2916667,96.20833333
2018,3,13,26.5,34.2,22,1009.2,61,0,4.3,2.4,5.4,-,,,,,156.375,66.07083333,64
2018,3,14,27.6,34.2,21.6,1008.3,69,0,4.5,1.9,5.4,-,,,,,188.875,120.5125,123.1666667
2018,3,15,28.2,34.4,23.7,1007.8,62,0.51,4.2,1.5,5.4,-,o,,,,165.625,83.925,81.16666667
2018,3,16,,,,,,,,,,,,,,,144.7083333,62.95416667,64.20833333
2018,3,17,,,,,,,,,,,,,,,168.3333333,88.0125,89.625
2018,3,18,,,,,,,,,,,,,,,188.9166667,123.0375,125.0416667
2018,3,19,27.8,34.4,22.8,1010.7,55,0,3.7,1.5,5.4,-,,,,,200.125,138.1125,136.0416667
2018,3,20,27.1,34,20.5,1009.1,40,0,4.3,1.1,5.4,-,,,,,178.375,108.2083333,108.9583333
2018,3,21,28.8,34.6,21.5,1008.5,42,0,4.5,2,5.4,-,,,,,161.0952381,106.8238095,106.047619
2018,3,22,,,,,,,,,,,,,,,217.7083333,156.8625,155.0416667
2018,3,23,,,,,,,,,,,,,,,193.375,124.7208333,33
2018,3,24,,,,,,,,,,,,,,,159.8636364,77.72272727,30.45454545
2018,3,25,28.3,34.5,16.2,1011.1,65,1.52,4.5,1.9,3.5,-,o,,,,190.625,123.7291667,125.7083333
2018,3,26,27.2,33.5,23,1010,66,0,4.2,2.8,9.4,-,,,,,120.9545455,49.56363636,44.45454545
2018,3,27,27.4,33.9,22.2,1008.5,69,0,4.5,2,5.4,-,,,,,167.3478261,88.2826087,40.73913043
2018,3,28,,,,,,,,,,,,,,,114.7619048,40.88571429,40.14285714
2018,3,29,,,,,,,,,,,,,,,154.4583333,69.4375,-65.375
2018,3,30,,,,,,,,,,,,,,,82.19047619,5.580952381,-44.95238095
2018,3,31,24.2,28.9,18,1009.6,68,13.72,4.8,3.7,11.1,-,,,,,120.4583333,45.93333333,75
2018,4,1,27.5,34,20.5,1009.4,52,0,5.1,5,27.8,-,,,,,104.4,29.59,33.1
2018,4,2,26.1,30,21.4,1009.9,67,0,4,2,5.4,-,,,,,159.4583333,80.26666667,81
2018,4,3,28.5,34.2,24.2,1008.3,55,0,5,1.3,3.5,-,,,,,127.9473684,69.2,68.15789474
2018,4,4,,,,,,,,,,,,,,,152.173913,99.05652174,-102.2608696
2018,4,5,,,,,,,,,,,,,,,156.55,88.87,81.45
2018,4,6,,,,,,,,,,,,,,,85.9,3.99,4.1
2018,4,7,26.7,32,22.2,1009.5,70,6.1,4,3.1,13,-,o,,o,,128.9565217,52.22608696,-39.2173913
2018,4,8,27.3,32.7,22.4,1010.8,69,5.33,4.2,0,-,-,o,,o,,147.9090909,71.44090909,21.36363636
2018,4,9,30.4,33.6,22.3,1010.5,55,0,4.5,1.1,5.4,-,,,,,167.173913,86.6826087,39.52173913
2018,4,10,,,,,,,,,,,,,,,83,7.205263158,7.105263158
2018,4,11,,,,,,,,,,,,,o,,51.3,-20.71,-23.6
2018,4,12,,,,,,,,,,,,,o,,81.61904762,3.9,-148.4761905
2018,4,13,28.6,32.8,21.4,1008.2,62,0,5.1,2.8,5.4,-,,,,,85.40909091,8.622727273,9.681818182
2018,4,14,26.5,34.1,22,1007.4,75,42.42,4.2,4.1,14.8,-,o,,o,,44.45,-17.08,-18.8
2018,4,15,27.9,34.4,21,1008,65,0,4.7,0,-,-,,,,,95.0952381,20,-183.7142857
2018,4,16,,,,,,,,,,,,,,,95.72727273,21.81363636,-171.5
2018,4,17,,,,,,,,,,,o,,o,,141.6666667,61.79583333,-69
2018,4,18,,,,,,,,,,,,,o,,156.5217391,79.67826087,34.39130435
2018,4,19,27.2,32.4,21.2,1005.6,74,2.03,5.1,6.3,25.9,-,o,,o,,56.4,-11.625,-14.7
2018,4,20,28.6,35,22.5,1005.5,72,16.76,6,3.3,7.6,-,,,,,139.4347826,66.07391304,22.08695652
2018,4,21,26.9,33.1,23.2,1005.2,83,12.19,4.5,4.3,13,-,,,o,,95.17391304,19.74347826,18.60869565
2018,4,22,,,,,,,,,,,o,,o,,139.0666667,54.83333333,-226.8666667
2018,4,23,,,,,,,,,,,,,,,63.5,-2.528571429,6.714285714
2018,4,24,,,,,,,,,,,,,,,168.7222222,88.69444444,-156
2018,4,25,26.6,34.1,21.4,1006.5,66,25.65,4.8,3.5,5.4,-,o,,o,,3.222222222,-66.97777778,47.11111111
2018,4,26,26.8,33.8,20.3,1007.6,62,32,4,7,14.8,-,o,,,,129.0416667,47.57083333,49.04166667
2018,4,27,26.7,31,19.8,1009.1,68,0,5.5,2.6,7.6,-,,,,,129.625,53.27916667,55.20833333
2018,4,28,,,,,,,,,,,,,,,161,75.87083333,74.79166667
2018,4,29,,,,,,,,,,,o,,o,,105.5,38.275,37.04166667
2018,4,30,,,,,,,,,,,o,,o,,93.75,32.375,31.83333333
2018,5,1,27.7,33,21.5,1007.7,69,0,4.3,4.4,9.4,-,,,,,90.33333333,30.44166667,30.83333333
2018,5,2,25.2,32.8,21.4,1007.9,79,4.57,5,4.6,9.4,-,o,,o,,109.9166667,38.74583333,38.41666667
2018,5,3,27.8,32.5,20.8,1008.9,69,0,4.8,3.5,5.4,-,,,,,123.5833333,47.16666667,50
2018,5,4,,,,,,,,,,,,,,,124.7916667,59.5375,57.29166667
2018,5,5,,,,,,,,,,,o,,o,,114.1666667,41.57916667,42.75
2018,5,6,,,,,,,,,,,,,o,,103.5416667,36.4625,34.83333333
2018,5,7,27.2,30,21.2,1004.7,82,4.06,4.5,4.8,9.4,-,o,,,,101.8333333,35.43333333,35.83333333
2018,5,8,29.8,33,24.6,1004.2,80,0,4.5,5.9,11.1,-,o,,,,103.875,36.52083333,37.08333333
2018,5,9,28.1,31.9,25.6,1006.4,82,14.22,4.5,4.3,11.1,-,,,,,108.6666667,38.38333333,38.04166667
2018,5,10,,,,,,,,,,,o,,o,,86.375,28.35416667,27.5
2018,5,11,,,,,,,,,,,o,,o,,80.58333333,26,26.91666667
2018,5,12,,,,,,,,,,,,,,,118,45.425,47.20833333
2018,5,13,27.6,32.8,23.5,1007,75,42.42,4.5,4.4,7.6,-,o,,,,141.5833333,74.22083333,72.79166667
2018,5,14,27.3,32.5,22.4,1007.3,75,0,4.3,0.6,3.5,-,,,,,116,45.35833333,47.20833333
2018,5,15,28.8,34.6,23,1005.7,73,0.25,4.3,3.5,9.4,-,o,,,,147.4583333,67.04583333,65.41666667
2018,5,16,,,,,,,,,,,o,,o,,133.4583333,58.54583333,60.45833333
2018,5,17,,,,,,,,,,,o,,,,133.4583333,55.28333333,54.33333333
2018,5,18,,,,,,,,,,,o,,o,,66.28571429,-13.58571429,-242.7142857
2018,5,19,-,-,-,-,-,-,-,-,-,-,-,-,-,-,104.8333333,39.03333333,39.625
2018,5,20,-,-,-,-,-,-,-,-,-,-,-,-,-,-,114.1666667,44.04583333,44.70833333
2018,5,21,-,-,-,-,-,-,-,-,-,-,-,-,-,-,128.3333333,50.62916667,48.875
2018,5,22,-,-,-,-,-,-,-,-,-,-,-,-,-,-,129.75,53.70416667,54.625
2018,5,23,26.2,29.4,25.6,1005.1,91,52.07,4.7,4.1,9.4,-,o,,o,,113.6666667,40.51666667,39.25
2018,5,24,28.7,32,25.8,1003.7,82,0.51,4.5,5,11.1,-,,,,,117.625,43.38333333,44.5
2018,5,25,29.3,34.4,26,1003.4,79,18.8,4.3,6.5,9.4,-,o,,o,,76.75,24.5,23.25
2018,5,26,,,,,,,,,,,,,o,,100.25,35.2625,35.70833333
2018,5,27,,,,,,,,,,,,,,,67.625,20.59583333,20.79166667
2018,5,28,,,,,,,,,,,o,,,,23.26666667,-33.80666667,-238
2018,5,29,29.2,35.4,24.5,1001.6,61,0,5.1,2.6,9.4,-,,,,,94.16666667,32.3,31.33333333
2018,5,30,30.7,35.4,26.6,1001.8,63,0,5,2.4,5.4,-,,,o,,139.1666667,58.86666667,60.125
2018,5,31,26.1,28.2,23.6,1004.8,88,82.3,4.5,0.6,3.5,-,o,,o,,114.7916667,45.42083333,44.41666667
2018,6,1,26.7,32,23.6,1006.1,87,1.52,3.9,4.3,9.4,-,o,,o,,95.625,32.61666667,32.25
2018,6,2,28.8,33.2,25.1,1004.5,83,1.78,4.5,2.8,5.4,-,o,,,,111,41.88333333,43.79166667
2018,6,3,28,34.2,25.4,1002.2,86,39.62,4.2,0.7,5.4,-,o,,o,,133.0416667,56.8625,57.75
2018,6,4,,,,,,,,,,,o,,o,,131.75,57.3125,55.04166667
2018,6,5,,,,,,,,,,,,,,,108,39.14583333,38.29166667
2018,6,6,,,,,,,,,,,o,,,,97.70833333,33.82916667,34.125
2018,6,7,31.2,34,28,1000.8,78,0,4.5,1.3,5.4,-,,,,,96.33333333,33.10416667,33.75
2018,6,8,31.1,34.3,27.2,998.2,78,1.02,4.8,2.2,5.4,-,o,,o,,13.5,18.76666667,19.58333333
2018,6,9,30.8,35.1,27,994.8,76,2.29,4.5,1.3,5.4,-,o,,,,110.2916667,42.09583333,39.83333333
2018,6,10,,,,,,,,,,,o,,o,,65.25,19.65416667,20.33333333
2018,6,11,,,,,,,,,,,o,,,,64.41666667,19.39583333,19.79166667
2018,6,12,,,,,,,,,,,o,,o,,95.70833333,32.99583333,32.79166667
2018,6,13,29.2,31.5,25.8,994.1,86,0,4.2,9.4,55.4,-,o,,,,95.75,33.025,33.91666667
2018,6,14,32.4,35.6,27.6,995.3,77,0,4.8,4.4,5.4,-,,,,,130.2083333,49.83333333,49.66666667
2018,6,15,29.6,34.4,25,998.2,82,5.84,4.3,4.3,14.8,-,o,,o,,133.8333333,50.5375,49.95833333
2018,6,16,,,,,,,,,,,o,,o,,79.08333333,25.4,24.79166667
2018,6,17,,,,,,,,,,,o,,o,,105.375,36.67916667,37.08333333
2018,6,18,,,,,,,,,,,,,,,117.9583333,42.47916667,42.20833333
2018,6,19,26.3,28.5,24,1000.9,86,12.7,4.2,3,9.4,-,o,,o,,36.5,-27.41875,-221.5625
2018,6,20,30.2,34.6,23.8,1001.7,76,0,4.8,1.1,9.4,-,,,,,113.9166667,40.72083333,40.95833333
2018,6,21,30.8,34.7,27.8,1001.7,76,1.52,5.3,3.5,11.1,-,,,,,121.0833333,50.34166667,49.83333333
2018,6,22,,,,,,,,,,,,,,,86.29166667,28.56666667,27.91666667
2018,6,23,,,,,,,,,,,o,,o,,104.0416667,36.325,37.58333333
2018,6,24,,,,,,,,,,,,,,,96.29166667,33.2125,32.625
2018,6,25,27.8,31.3,26.4,998.7,87,30.48,4.3,2.4,11.1,-,o,,,,95.625,32.7875,-52.125
2018,6,26,29.9,33.8,26.2,998.9,76,1.02,4.8,6.3,11.1,-,o,,,,93.04166667,31.625,-12.08333333
2018,6,27,28.6,32.2,25.8,1001.4,79,11.68,4.5,5.9,9.4,-,o,,,,59.82608696,16.93478261,-27.56521739
2018,6,28,,,,,,,,,,,o,,,,16.23809524,-28.35238095,-219.8571429
2018,6,29,-,-,-,-,-,-,-,-,-,-,-,-,-,-,98.16666667,34.21666667,-50.91666667
2018,6,30,-,-,-,-,-,-,-,-,-,-,-,-,-,-,94.16666667,32.32083333,32.04166667
2018,7,1,30.3,33.2,26.9,1001.6,73,1.27,5.5,10,13,-,o,,,,87.29166667,29.19583333,29.33333333
2018,7,2,29.6,33.6,25.8,1000.7,79,17.02,5.3,3.9,5.4,-,o,,o,,80.29166667,25.99583333,-16.91666667
2018,7,3,27.3,29.8,25.6,999.7,91,48.26,3.9,3.5,5.4,-,o,,,,75.66666667,23.9875,23.66666667
2018,7,4,,,,,,,,,,,o,,,,82.125,26.92916667,27.79166667
2018,7,5,,,,,,,,,,,,,,,111.9166667,43.45,1.916666667
2018,7,6,,,,,,,,,,,,,,,68.60869565,-1.439130435,-47.60869565
2018,7,7,30.9,34.5,27.1,998.5,71,0,5.8,3.9,5.4,-,,,,,96.5,33.05833333,32.5
2018,7,8,-,-,-,-,-,-,-,-,-,-,-,-,-,-,67.41666667,19.9,-22.45833333
2018,7,9,29.2,31.6,27.5,999.8,81,0.51,4.7,6.5,9.4,-,o,,,,27.57142857,-23.41428571,-23.47619048
2018,7,10,29.7,32.8,27.1,999.5,78,0,4.7,4.4,9.4,-,o,,,,86.875,29.025,29.125
2018,7,11,,,,,,,,,,,o,,,,95.91666667,33.00416667,-8.916666667
2018,7,12,,,,,,,,,,,o,,,,82.29411765,26.71764706,-275.8823529
2018,7,13,,,,,,,,,,,,,,,33.25,-17.5125,-15.75
2018,7,14,31.4,34.6,27,997.1,71,1.27,4.5,4.1,7.6,-,,,,,67,20.39166667,-65.29166667
2018,7,15,30.4,34.7,28,997.1,76,3.3,4.3,6.1,11.1,-,o,,,,11.39130435,-28.53478261,-161.7391304
2018,7,16,29.7,34,26.7,997.8,79,0.51,4.8,8,11.1,-,o,,,,52.875,14.04166667,14.04166667
2018,7,17,,,,,,,,,,,o,,,,84.875,27.83333333,28.29166667
2018,7,18,,,,,,,,,,,,,,,80.29166667,25.72916667,-16.16666667
2018,7,19,,,,,,,,,,,,,,,101.3333333,35.90416667,-49.20833333
2018,7,20,30.9,36,28.2,996.3,73,3.05,4.5,1.9,5.4,-,o,,,,118.7916667,51.23333333,6
2018,7,21,28.8,31.3,27.4,998.2,83,2.03,4.2,7.6,11.1,-,o,,,,44.04166667,10.75416667,-31.29166667
2018,7,22,29.1,32.6,26.8,999.1,86,29.21,4.5,5.7,11.1,-,,,o,,55.5,15.10833333,-111.4583333
2018,7,23,,,,,,,,,,,o,,o,,93.66666667,31.50416667,-9.958333333
2018,7,24,,,,,,,,,,,o,,o,,41.31818182,-15.88181818,-14.90909091
2018,7,25,,,,,,,,,,,o,,,,-100.2727273,-151.8954545,116.7272727
2018,7,26,27.2,28.7,26.1,1000.1,91,9.65,3.9,2,11.1,-,o,,,,86.5,28.775,68.70833333
2018,7,27,28.5,30.5,26.6,999.1,89,9.14,4.3,1.1,5.4,-,o,,,,91.54166667,31.49166667,71.95833333
2018,7,28,27.7,30.2,25.7,1000,88,4.83,4.2,1.3,5.4,-,o,,,,83.5,6.454166667,129.7916667
2018,7,29,,,,,,,,,,,o,,o,,131.5833333,50.40833333,50.20833333
2018,7,30,,,,,,,,,,,o,,,,-31,-91.72083333,156.4166667
2018,7,31,,,,,,,,,,,o,,,,105.9583333,37.53333333,76.625
2018,8,1,27.9,32.5,26.6,998.5,86,25.15,4,1.3,5.4,-,o,,o,,22.29166667,-22.40416667,140.375
2018,8,2,27.6,30.5,26.2,1000.8,88,10.41,4.2,2.2,9.4,-,o,,,,114.1666667,40.75416667,41.16666667
2018,8,3,28.3,32.6,25.6,999.8,82,16.51,4.3,2.4,5.4,-,o,,,,122.7083333,44.69166667,84.58333333
2018,8,4,,,,,,,,,,,o,,,,132.6666667,50.2375,50.33333333
2018,8,5,,,,,,,,,,,,,,,107.7916667,25.16666667,186.5416667
2018,8,6,,,,,,,,,,,o,,o,,112.5833333,47.425,84.33333333
2018,8,7,29.8,33.6,27,999.6,71,0,4.5,4.3,9.4,-,,,,,82.66666667,26.80833333,26.91666667
2018,8,8,30.4,33.4,27.4,1001.5,72,0,4.5,5,9.4,-,o,,,,-33.45833333,-92.64583333,156.0416667
2018,8,9,29.3,34,27.2,1002.9,79,0,4.5,2.4,9.4,-,,,,,74.08333333,0.616666667,123.5833333
2018,8,10,,,,,,,,,,,,,,,134.2083333,52.99583333,51.875
2018,8,11,,,,,,,,,,,,,,,96.54166667,32.975,32.875
2018,8,12,,,,,,,,,,,o,,,,102.3333333,35.6625,35.875
2018,8,13,-,-,-,-,-,-,-,-,-,-,-,-,-,-,26.33333333,-20.72916667,137.9583333
2018,8,14,31.3,36.3,27.5,997.5,70,4.83,4.2,2.6,9.4,-,o,,o,,77.66666667,25.14166667,105.5833333
2018,8,15,31.3,34.8,27.6,1000.6,67,0,5,6.5,11.1,-,,,,,52.83333333,13.5125,12.75
2018,8,16,30.6,34.6,26.7,1001.2,70,0.51,5,3.9,9.4,-,o,,,,78.66666667,25.25,26.20833333
2018,8,17,,,,,,,,,,,o,,,,78.17647059,25.06470588,-215.0588235
2018,8,19,,,,,,,,,,,,,,,-999,-999,985
2018,8,20,29.5,33.1,27,1000.9,77,9.91,4.5,5.9,11.1,-,o,,,,-999,-999,735
2018,8,21,29,31.9,26.3,1001.9,84,24.89,4.8,3.7,9.4,-,o,,,,-999,-999,985
2018,8,22,29.9,33.1,27.5,1000.3,81,1.78,5.1,5.2,7.6,-,,,,,-999,-999,985
2018,8,23,,,,,,,,,,,,,o,,-999,-999,985
2018,8,24,,,,,,,,,,,o,,,,-999,-999,985
2018,8,26,29.8,33.7,27,998.6,76,2.79,4.3,3,9.4,-,o,,,,-999,-999,985
2018,9,1,29.9,33.7,27.8,1003.1,75,0,5,5.9,9.4,-,o,,,,-999,-999,985
2018,9,3,30.6,32.2,25.8,1003.1,76,0.25,4.8,5.6,9.4,-,,,,,-999,-999,985
2018,9,8,31,34.4,27.4,1005.8,68,0,5,5.6,7.6,-,,,,,-999,-999,985
2018,9,12,,,,,,,,,,,o,,,,-999,-999,985
2018,9,13,27.6,29.6,25,1005,92,3.3,4.2,2.8,5.4,-,o,,o,,-999,-999,985
2018,9,14,28.4,33.1,26.2,1006.5,83,0,4.5,8.5,42.4,-,,,,,-999,-999,985
2018,9,19,,,,,,,,,,,o,,o,,-999,-999,985
2018,9,20,,,,,,,,,,,o,,o,,-999,-999,985
2018,9,22,-,-,-,-,-,-,-,-,-,-,-,-,-,-,-999,-999,985
2018,9,23,30.5,33.9,26.8,1010.4,72,0,5,1.9,5.4,-,,,,,-999,-999,985
2018,9,24,-,-,-,-,-,-,-,-,-,-,-,-,-,-,-999,-999,985
2018,9,26,,,,,,,,,,,,,,,-999,-999,985
2018,10,1,30.6,36.1,25,1007.6,56,0,5,2.2,7.6,-,,,,,-999,-999,985
2018,10,3,31.1,35.9,26.8,1008.2,61,0,4.8,2.8,5.4,-,,,,,-999,-999,985
2018,10,4,,,,,,,,,,,,,,,-999,-999,985
2018,10,5,,,,,,,,,,,,,,,-999,-999,985
2018,10,9,-,-,-,-,-,-,-,-,-,-,-,-,-,-,-999,-999,985
2018,10,12,,,,,,,,,,,o,,,,-999,-999,985
2018,10,13,,,,,,,,,,,o,,,,-999,-999,985
2018,10,16,27.7,33.2,22.8,1011.5,64,0,4.5,0.6,3.5,-,,,,,-999,-999,985
2018,10,18,,,,,,,,,,,,,,,-999,-999,985
2018,10,19,,,,,,,,,,,,,,,-999,-999,985
2018,10,21,27.4,33.2,23,1011.6,65,0,3.9,1.3,5.4,-,,,,,-999,-999,985
2018,10,22,27.4,32.6,23.4,1010.3,69,0,4,2,9.4,-,,,,,-999,-999,985
2018,10,24,,,,,,,,,,,,,,,-999,-999,985
2018,11,1,-,-,-,-,-,-,-,-,-,-,-,-,-,-,-53.85714286,-111.5785714,106.0714286
2018,11,2,-,-,-,-,-,-,-,-,-,-,-,-,-,-,174.6666667,104.0708333,106.875
2018,11,3,-,-,-,-,-,-,-,-,-,-,-,-,-,-,165.5,83.62083333,83
2018,11,4,-,-,-,-,-,-,-,-,-,-,-,-,-,-,167.125,87.1125,86.20833333
2018,11,5,-,-,-,-,-,-,-,-,-,-,-,-,-,-,154.5416667,63.95833333,18.75
2018,11,6,-,-,-,-,-,-,-,-,-,-,-,-,-,-,165.25,86.05,45.33333333
2018,11,7,24.4,29.1,22,1013.3,74,0,4,1.1,5.4,-,,,,,190.875,128.7291667,126.3333333
2018,11,8,24.7,30.2,20.4,1012.1,63,0,3.9,1.1,5.4,-,,,,,177.4583333,105.5625,62.91666667
2018,11,9,23.7,29.5,18.6,1011.2,74,0,3.5,1.3,5.4,-,,,,,205.2083333,147.2958333,147.4583333
2018,11,10,,,,,,,,,,,,,,,290.0416667,236.8583333,240.125
2018,11,11,,,,,,,,,,,,,,,224.4166667,162.7708333,161
2018,11,12,,,,,,,,,,,,,,,216.6666667,153.95,151.6666667
2018,11,13,24.5,30.2,19,1009.7,64,0,3.2,2.2,5.4,-,,,,,179.375,113.3791667,113.5833333
2018,11,14,23.8,30.1,19.3,1011.1,70,0,3.5,0,-,-,,,,,228.5833333,173.8625,178.4166667
2018,11,15,24.8,30.2,20,1012.1,70,0,3.4,0,-,-,,,,,295.875,245.7541667,247.2916667
2018,11,16,,,,,,,,,,,,,,,228.25,172.6333333,177.3333333
2018,11,17,-,-,-,-,-,-,-,-,-,-,-,-,-,-,211.75,149.3666667,141.5416667
2018,11,18,-,-,-,-,-,-,-,-,-,-,-,-,-,-,205.125,142.3416667,143.7083333
2018,11,19,-,-,-,-,-,-,-,-,-,-,-,-,-,-,202.5,139.2458333,137.1666667
2018,11,20,-,-,-,-,-,-,-,-,-,-,-,-,-,-,242.375,185.2416667,183.7916667
2018,11,21,-,-,-,-,-,-,-,-,-,-,-,-,-,-,185.6666667,121.8458333,120.5
2018,11,22,-,-,-,-,-,-,-,-,-,-,-,-,-,-,188.875,125.775,128.2916667
2018,11,23,,,,,,,,,,,,,,,213.3333333,148.85,146.875
2018,11,24,,,,,,,,,,,,,,,189.1666667,125.1,125.4583333
2018,11,25,22.8,29.4,17.4,1014.1,66,0,3.9,1.9,9.4,-,,,,,166.25,91.12083333,89.04166667
2018,11,26,23.8,30,17.5,1013.3,58,0,3.7,1.9,5.4,-,,,,,198.2916667,134.0416667,136.375
2018,11,27,25.2,30.6,19.2,1015.5,54,0,3.9,4.3,9.4,-,,,,,177.9583333,104.4791667,102.0416667
2018,11,28,,,,,,,,,,,,,,,162.2916667,78.20416667,80.75
2018,11,29,,,,,,,,,,,,,,,193.4583333,126.3708333,129.6666667
2018,11,30,,,,,,,,,,,,,,,175.7916667,103.4625,101.4583333
2018,12,1,21.2,26.6,18,1014.1,67,0,3.7,1.1,5.4,-,,,,,231.25,181.3625,-407.625
2018,12,2,20.3,27.8,16.7,1012.5,70,0,3.5,0.9,5.4,-,,,,,97.26666667,28.86,105.6
2018,12,3,21.8,28.5,16.7,1014.1,61,0,3.9,1.1,5.4,-,,,,,188.3333333,124.3375,124.9583333
2018,12,4,,,,,,,,,,,,,,,218.2916667,157.4708333,158.4583333
2018,12,5,,,,,,,,,,,,,,,197.25,131.8458333,128.6666667
2018,12,6,,,,,,,,,,,,,,,229.9166667,174.7458333,178.0416667
2018,12,7,21.9,26.6,16.1,1012.6,56,0,4,1.1,3.5,-,,,,,232.5,176.8625,179.3333333
2018,12,8,21.8,27.4,17.8,1013.4,58,0,3.4,3.3,9.4,-,,,,,246.0416667,192.6125,192.8333333
2018,12,9,20.3,27.6,16.2,1012.6,70,0,3.5,0.7,5.4,-,,,,,210.1666667,149.025,149.625
2018,12,10,,,,,,,,,,,,,,,216.875,156.6958333,155.6666667
2018,12,11,,,,,,,,,,,,,,,231.0833333,168.9458333,166.5833333
2018,12,12,-,-,-,-,-,-,-,-,-,-,-,-,-,-,267.25,216.1041667,220.25
2018,12,13,-,-,-,-,-,-,-,-,-,-,-,-,-,-,253.4583333,195.4833333,190.625
2018,12,14,-,-,-,-,-,-,-,-,-,-,-,-,-,-,202.125,143.0666667,178.8333333
2018,12,15,-,-,-,-,-,-,-,-,-,-,-,-,-,-,209.7083333,155.0166667,155.4166667
2018,12,16,-,-,-,-,-,-,-,-,-,-,-,-,-,-,202,148.125,147.9166667
2018,12,17,-,-,-,-,-,-,-,-,-,-,-,-,-,-,208.9583333,151.2583333,148.0833333
2018,12,18,-,-,-,-,-,-,-,-,-,-,-,-,-,-,125.9583333,54.18333333,53.16666667
2018,12,19,-,-,-,-,-,-,-,-,-,-,-,-,-,-,135.7916667,53.79583333,54.83333333
2018,12,20,-,-,-,-,-,-,-,-,-,-,-,-,-,-,188.5,128.0125,130.4583333
2018,12,21,-,-,-,-,-,-,-,-,-,-,-,-,-,-,192.4583333,130.6833333,130.25
2018,12,22,-,-,-,-,-,-,-,-,-,-,-,-,-,-,219.2083333,162.275,165.5416667
2018,12,23,-,-,-,-,-,-,-,-,-,-,-,-,-,-,238.75,181.275,180.7916667
2018,12,24,-,-,-,-,-,-,-,-,-,-,-,-,-,-,227.1666667,166.3833333,166.7916667
2018,12,25,-,-,-,-,-,-,-,-,-,-,-,-,-,-,241.1666667,190.6625,193.7916667
2018,12,26,-,-,-,-,-,-,-,-,-,-,-,-,-,-,253.3333333,201.5166667,198.3333333
2018,12,27,-,-,-,-,-,-,-,-,-,-,-,-,-,-,233.8333333,182.4708333,178.875
2018,12,28,-,-,-,-,-,-,-,-,-,-,-,-,-,-,212.5416667,155.0208333,153.0833333
2018,12,29,-,-,-,-,-,-,-,-,-,-,-,-,-,-,199.9583333,141.4791667,144.375
2018,12,30,-,-,-,-,-,-,-,-,-,-,-,-,-,-,196.5,133.575,133.875
2018,12,31,,,,,,,,,,,,,,,192.5416667,128.1791667,127.9583333
2019,1,1,22.7,27,13.4,1017.8,45,0,3.7,1.3,5.4,-,,,,,192.0869565,130.6391304,130.7391304
2019,1,1,22.7,27,13.4,1017.8,45,0,3.7,1.3,5.4,-,,,,,235,185.3,179
2019,1,2,18.5,25.8,13.8,1017.7,65,0,3.1,0.9,3.5,-,,,,,208.0833333,148.4166667,150.5416667
2019,1,3,20.6,26.5,13,1018,53,0,4,1.5,3.5,-,,,,,215.875,156.1291667,156.375
2019,1,4,,,,,,,,,,,,,,,302.9166667,252.6541667,257.875
2019,1,5,,,,,,,,,,,,,,,247.5416667,187.3291667,183.0416667
2019,1,6,-,-,-,-,-,-,-,-,-,-,-,-,-,-,221.4583333,159.2625,161.375
2019,1,7,,,,,,,,,,,,,,,244.7083333,185.575,182.8333333
2019,1,8,-,-,-,-,-,-,-,-,-,-,-,-,-,-,219.2083333,164.5333333,114
2019,1,9,20.4,26.1,15.5,1014.7,55,0,3.9,3.5,5.4,-,,,,,213.25,157.2708333,160.9583333
2019,1,10,19.4,25.6,14,1015.3,50,0,3.9,3.3,9.4,-,,,,,238.3333333,183.4291667,180.7916667
2019,1,11,-,-,-,-,-,-,-,-,-,-,-,-,-,-,251.625,198.0708333,199.4583333
2019,1,12,-,-,-,-,-,-,-,-,-,-,-,-,-,-,259.2083333,203.9833333,206.75
2019,1,13,20.8,27,13,1015.3,61,0,3.4,1.3,5.4,-,,,,,237.5416667,178.3583333,173.5
2019,1,14,-,-,-,-,-,-,-,-,-,-,-,-,-,-,216.125,157.7708333,162.7083333
2019,1,15,-,-,-,-,-,-,-,-,-,-,-,-,-,-,242.5833333,189.9583333,186.8333333
2019,1,16,-,-,-,-,-,-,-,-,-,-,-,-,-,-,198.3333333,140.8,139.625
2019,1,17,-,-,-,-,-,-,-,-,-,-,-,-,-,-,240.2916667,186.9958333,190.0833333
2019,1,18,-,-,-,-,-,-,-,-,-,-,-,-,-,-,303.0833333,251.9958333,257.4166667
2019,1,19,-,-,-,-,-,-,-,-,-,-,-,-,-,-,317,267.2208333,260.3333333
2019,1,20,-,-,-,-,-,-,-,-,-,-,-,-,-,-,310.4583333,263.4958333,266.9583333
2019,1,21,-,-,-,-,-,-,-,-,-,-,-,-,-,-,268.9166667,213.5333333,211.5833333
2019,1,22,-,-,-,-,-,-,-,-,-,-,-,-,-,-,261.8947368,204.8315789,139.4210526
2019,1,23,-,-,-,-,-,-,-,-,-,-,-,-,-,-,239.9583333,189.8083333,248.8333333
2019,1,24,-,-,-,-,-,-,-,-,-,-,-,-,-,-,287.5,235.775,231.125
2019,1,25,-,-,-,-,-,-,-,-,-,-,-,-,-,-,219.3333333,162.2833333,159.8333333
2019,1,26,-,-,-,-,-,-,-,-,-,-,-,-,-,-,229.3333333,175.1833333,174
2019,1,27,-,-,-,-,-,-,-,-,-,-,-,-,-,-,196.2916667,137.2375,135.8333333
2019,1,28,-,-,-,-,-,-,-,-,-,-,-,-,-,-,188.1666667,126.5833333,126.2916667
2019,1,29,-,-,-,-,-,-,-,-,-,-,-,-,-,-,190.875,131.3,130.875
2019,1,30,-,-,-,-,-,-,-,-,-,-,-,-,-,-,191.5,129.45,131
2019,1,31,-,-,-,-,-,-,-,-,-,-,-,-,-,-,228.5416667,168.75,170.1666667
2019,5,1,-,-,-,-,-,-,-,-,-,-,-,-,-,-,177.1666667,116.3666667,118.8333333
2019,5,2,-,-,-,-,-,-,-,-,-,-,-,-,-,-,184.5,125.7708333,128.6666667
2019,5,3,-,-,-,-,-,-,-,-,-,-,-,-,-,-,199.7857143,138.5142857,-191.0714286
2019,5,5,-,-,-,-,-,-,-,-,-,-,-,-,-,-,-59.84615385,-117.3076923,116.6153846
2019,5,6,-,-,-,-,-,-,-,-,-,-,-,-,-,-,136.7083333,51.6625,52.125
2019,5,7,-,-,-,-,-,-,-,-,-,-,-,-,-,-,149.0416667,68.67083333,70.25
2019,5,8,-,-,-,-,-,-,-,-,-,-,-,-,-,-,151.2916667,61.35,59.70833333
2019,5,9,-,-,-,-,-,-,-,-,-,-,-,-,-,-,143.4583333,56.50416667,56.29166667
2019,5,10,-,-,-,-,-,-,-,-,-,-,-,-,-,-,145.5,56.29583333,56.29166667
2019,5,11,-,-,-,-,-,-,-,-,-,-,-,-,-,-,130.6190476,48.46666667,-1.238095238
2019,5,12,-,-,-,-,-,-,-,-,-,-,-,-,-,-,74.31818182,-2.054545455,45.81818182
2019,5,13,-,-,-,-,-,-,-,-,-,-,-,-,-,-,144.8333333,59.1375,60.29166667
2019,5,14,-,-,-,-,-,-,-,-,-,-,-,-,-,-,131.3333333,49.79166667,5.125
2019,5,15,-,-,-,-,-,-,-,-,-,-,-,-,-,-,132.4166667,51.35833333,52.41666667
2019,5,16,-,-,-,-,-,-,-,-,-,-,-,-,-,-,122.5416667,45.61666667,44.95833333
2019,5,17,-,-,-,-,-,-,-,-,-,-,-,-,-,-,115.25,41.74583333,41.5
2019,5,18,-,-,-,-,-,-,-,-,-,-,-,-,-,-,152.1666667,64.84583333,66
2019,5,19,-,-,-,-,-,-,-,-,-,-,-,-,-,-,146.4583333,63.8,65.04166667
2019,5,20,-,-,-,-,-,-,-,-,-,-,-,-,-,-,160.4166667,76.29583333,74.20833333
2019,5,21,-,-,-,-,-,-,-,-,-,-,-,-,-,-,161.75,79.54166667,79.91666667
2019,5,22,29.5,34.9,23.5,1005,72,14.99,4.2,8.3,11.1,-,o,,o,,121.875,44.14583333,43.20833333
2019,5,23,29.8,33.2,23.2,1005.5,70,1.02,4.7,5.2,14.8,-,,,,,101.4583333,35.8,37.25
2019,5,24,28.3,33.5,22.4,1003.7,81,28.19,4.8,10.4,33.5,-,o,,o,,97.45833333,33.475,31.83333333
2019,5,25,,,,,,,,,,,o,,,,100.75,36.26666667,36.83333333
2019,5,26,,,,,,,,,,,,,,,121,44.9,44.91666667
2019,5,27,,,,,,,,,,,,,,,107.6666667,39.01666667,40.125
2019,5,28,31.5,36.1,25.2,1002.7,68,0,5.3,3.9,5.4,-,,,,,140.9583333,61.71666667,61.45833333
2019,5,29,32.4,36.6,27.8,1002.5,67,0,5.5,5,11.1,-,,,,,137.375,54.92083333,54.66666667
2019,5,30,30.1,31.4,28.4,1003.3,78,0,5.1,6.3,11.1,-,,,,,109.5,38.90833333,38.66666667
2019,5,31,,,,,,,,,,,,,,,106.75,37.83333333,37.25
2019,6,1,29.3,32.4,22.3,1004.2,74,45.97,4.8,6.3,14.8,-,o,,o,,103.25,37.59583333,38.20833333
2019,6,2,26.6,30,23.2,1004.5,84,14.48,4.3,8.7,43.2,-,o,,o,,105.5416667,39.43333333,41
2019,6,3,28,30.4,22.9,1003.4,82,16,4.7,5.4,9.4,-,o,,o,,87.04166667,29.35416667,28.33333333
2019,6,4,,,,,,,,,,,o,,o,,75.375,23.31666667,21.75
2019,6,5,,,,,,,,,,,o,,o,,38.25,9.525,9.583333333
2019,6,6,,,,,,,,,,,,,,,51.5,13.0375,13.29166667
2019,6,7,28.6,32.8,25.6,1004.8,80,0,5.1,3.9,7.6,-,o,,,,50.25,13.00416667,12.79166667
2019,6,8,29.3,33.5,26.5,1003,78,0,4.7,3.5,9.4,-,,,,,59.41666667,18.84583333,19.04166667
2019,6,9,27.7,28,27,1001.6,92,27.43,4,3.7,9.4,-,o,,,,72.25,22.9375,23.45833333
2019,6,10,,,,,,,,,,,,,,,88.75,29.39166667,30.45833333
2019,6,11,-,-,-,-,-,-,-,-,-,-,-,-,-,-,45.1,-16.975,-17.8
2019,6,12,,,,,,,,,,,,,,,87.625,29.39166667,29.125
2019,6,13,,,,,,,,,,,,,,,116.4583333,41.70416667,42.33333333
2019,6,14,30.3,31.9,29.1,998.3,83,0,5.3,4.6,7.6,-,,,,,101.0833333,35.50416667,35.25
2019,6,15,26.9,29.7,25.5,999.1,84,0.51,4.5,5,9.4,-,o,,o,,117.9166667,43.22083333,43.75
2019,6,16,31.1,35.1,25.1,998.4,78,0,4.5,6.1,9.4,-,,,,,112.4166667,40.2375,40.875
2019,6,17,,,,,,,,,,,o,,o,,99.08333333,34.37083333,32.66666667
2019,6,18,,,,,,,,,,,o,,o,,129.5416667,49.37083333,7.041666667
2019,6,19,,,,,,,,,,,o,,,,149.3333333,66.43333333,67
2019,6,20,30.4,34.7,27.2,1000.8,78,10.92,4.8,0.7,5.4,-,o,,o,,127.8333333,50.8375,49.125
2019,6,21,-,-,-,-,-,-,-,-,-,-,-,-,-,-,91.66666667,33.325,33.16666667
2019,6,22,-,-,-,-,-,-,-,-,-,-,-,-,-,-,79.125,25.37916667,25.83333333
2019,6,23,31.8,36.1,28.2,1003.2,68,0,5.5,1.9,9.4,-,,,,,87.75,29.27916667,29.20833333
2019,6,24,32,36.5,28.3,1003.8,69,0,5.6,4.1,9.4,-,,,,,66.83333333,19.61666667,19.66666667
2019,6,25,,,,,,,,,,,,,,,79.125,25.45,25.29166667
2019,6,26,,,,,,,,,,,,,,,57.45833333,16.25416667,16
2019,6,27,,,,,,,,,,,o,,,,70.66666667,21.675,21.83333333
2019,6,28,28.2,33.3,26.8,998.6,90,7.11,4.3,4.6,9.4,-,o,,o,,76.45833333,24.20416667,25.25
2019,6,29,30.7,34.8,26.3,998,81,0,4.8,4.6,14.8,-,,,,,104.0416667,37.78333333,38.08333333
2019,6,30,30.2,35.1,28,997.8,82,22.35,4.8,1.1,5.4,-,o,,o,,107.375,38.7375,-4.833333333
2019,7,1,30,34.2,27.2,997.7,74,0.25,4.5,9.1,14.8,-,o,,,,76.33333333,25.78333333,24.75
2019,7,2,-,-,-,-,-,-,-,-,-,-,-,-,-,-,-111.2916667,-150.1208333,19
2019,7,3,30.5,33.6,28.2,999.2,76,1.52,4.5,4.1,9.4,-,,,,,64.04166667,18.39166667,17.83333333
2019,7,4,30.5,34.5,27.6,997.8,77,0.51,5.5,3.3,5.4,-,,,,,96.66666667,33.16666667,33.70833333
2019,7,5,,,,,,,,,,,o,,,,70.45833333,21.4875,20.70833333
2019,7,6,,,,,,,,,,,o,,,,61.79166667,17.34583333,17.66666667
2019,7,7,,,,,,,,,,,o,,,,90.58333333,31.02916667,33.25
2019,7,8,28.4,31.4,26.5,999,90,38.61,4.2,4.3,7.6,-,o,,o,,93.70833333,32.24166667,31.95833333
2019,7,9,29.2,31.5,26.9,998.9,88,0.25,4.5,4.8,9.4,-,o,,,,89.91666667,30.09166667,29
2019,7,10,29.2,32.6,28,998.9,84,1.27,5,5.4,9.4,-,o,,o,,84.70833333,27.64166667,28.66666667
2019,7,11,,,,,,,,,,,o,,o,,78.29166667,24.95,24.375
2019,7,12,,,,,,,,,,,o,,o,,77.75,26.88333333,28.58333333
2019,7,13,,,,,,,,,,,o,,o,,88.08333333,29.4375,28.25
2019,7,14,27.3,29.6,24.4,1000.1,89,57.91,4.2,3.7,9.4,-,o,,o,,99.45833333,34.35833333,34.41666667
2019,7,15,27.3,30.2,25.9,1000.3,89,1.27,4.5,3.3,9.4,-,o,,,,115.0416667,42.375,41.75
2019,7,16,29.5,34.6,24.6,1001.1,86,2.54,4.8,2,5.4,-,o,,o,,149.5416667,63.09166667,65.45833333
2019,7,17,-,-,-,-,-,-,-,-,-,-,-,-,-,-,155.4166667,75.8,76.41666667
2019,7,18,,,,,,,,,,,,,,,160.7916667,78.625,76.54166667
2019,7,19,,,,,,,,,,,o,,,,106.3333333,40.61666667,40.70833333
2019,7,20,,,,,,,,,,,,,,,77.83333333,24.77083333,24.25
2019,7,21,31.5,35.7,28.4,1003.1,72,0,4.5,4.6,9.4,-,,,,,75.66666667,23.78333333,23.625
2019,7,22,-,-,-,-,-,-,-,-,-,-,-,-,-,-,64.79166667,18.67083333,18.54166667
2019,7,23,31.8,35.6,28.2,1001.5,69,0,5,7.2,9.4,-,,,,,65.625,19.7125,19.45833333
2019,7,24,29.9,34.6,26.8,1001.6,80,11.94,4.5,4.8,9.4,-,o,,o,,65.08333333,19.11666667,19.66666667
2019,7,25,,,,,,,,,,,o,,o,,140.7083333,63.61666667,63.66666667
2019,7,26,,,,,,,,,,,o,,,,96.625,37.57083333,37.33333333
2019,7,27,,,,,,,,,,,o,,,,53.45833333,14.52916667,14.41666667
2019,7,28,29.3,32.2,26.3,1002.2,75,0,4.8,9.1,14.8,-,,,,,45.25,11.25833333,11.04166667
2019,7,29,29.3,33.4,26.8,1003.1,77,0.25,4.3,10.9,18.3,-,o,,,,63.08333333,17.8875,18.25
2019,7,30,28.6,31.6,26.9,1003,84,10.92,4.7,4.4,5.4,-,o,,,,97.75,33.57083333,35.08333333
2019,7,31,,,,,,,,,,,o,,,,129.1666667,49.07916667,48.16666667
2019,8,1,29.9,33.2,27,1000.3,77,0,4.8,3.5,9.4,-,o,,,,84.66666667,27.9125,27.66666667
2019,8,2,30.2,34.4,27.3,999.3,76,0,4.8,4.8,9.4,-,,,,,90.875,30.41666667,30.08333333
2019,8,3,28.6,31.5,27.3,998.3,87,22.1,4.3,7.6,14.8,-,o,,,,67.91666667,20.4125,21.33333333
2019,8,4,,,,,,,,,,,o,,,,83.25,27.64583333,29.66666667
2019,8,5,,,,,,,,,,,,,,,83.54166667,28.9375,28.20833333
2019,8,6,,,,,,,,,,,o,,,,82.79166667,28.32916667,26.41666667
2019,8,7,28.7,33.1,26.7,995.6,81,23.88,4.5,9.3,14.8,-,o,o,,,42.54166667,10.49583333,10.5
2019,8,8,27.1,30.1,25,999.3,90,80.26,3.7,3.1,9.4,-,o,,,,56.5,15.5125,16
2019,8,9,29.8,33.5,25.4,1000.9,80,0,4.5,4.6,9.4,-,,,,,90,30.13333333,31.45833333
2019,8,10,,,,,,,,,,,,,,,92.95833333,32.2625,31.375
2019,8,11,,,,,,,,,,,,,,,91.54166667,30.9125,32.04166667
2019,8,12,,,,,,,,,,,o,,,,51.83333333,15.59166667,13.58333333
2019,8,13,27.9,30.6,26.6,1001.5,87,13.72,4.3,8.3,14.8,-,o,,,,18.70833333,4.4875,4.833333333
2019,8,14,27.4,28.3,26,1004.5,93,22.86,4.5,1.5,7.6,-,o,,,,49.20833333,14.1625,14.91666667
2019,8,15,28.3,31.2,25.7,1004.2,87,2.03,4.5,3.3,7.6,-,o,,,,70.33333333,21.30416667,21.45833333
2019,8,16,,,,,,,,,,,o,,,,82.125,26.7625,26.83333333
2019,8,17,,,,,,,,,,,o,,,,70.33333333,21.525,21.33333333
2019,8,18,,,,,,,,,,,o,,,,58.20833333,16.3375,16.125
2019,8,19,30.6,34.6,27.2,1005,72,0,4.7,4.8,9.4,-,,,,,88.625,29.59583333,30.16666667
2019,8,20,30.9,34.4,27.8,1003.1,73,0,4.8,1.9,5.4,-,,,,,70.70833333,21.47916667,21.25
2019,8,21,31,34.9,27.6,1001.9,75,1.02,4.7,1.9,5.4,-,,,,,107.5,38.25,39.20833333
2019,8,22,,,,,,,,,,,o,,o,,125.6086957,46.14347826,0.826086957
2019,8,23,,,,,,,,,,,o,,,,96.20833333,34.37916667,-51.70833333
2019,8,24,,,,,,,,,,,o,,,,50.20833333,14.12083333,14.41666667
2019,8,25,30.5,34.4,25.5,1002.3,72,0.76,4.8,4.1,7.6,-,,,,,73.16666667,22.86666667,23.625
2019,8,26,30.8,35.1,27.7,1002,70,0,5,4.4,9.4,-,,,,,102.125,37.27083333,38.20833333
2019,8,27,30.7,35.3,27.4,1001.7,72,0,5,4.6,7.6,-,,,,,80.16666667,25.725,24.375
2019,8,28,,,,,,,,,,,,,,,99.5,35.34583333,36
2019,8,29,,,,,,,,,,,o,,,,87.04166667,28.9875,27.91666667
2019,8,30,,,,,,,,,,,,,,,91.08333333,30.86666667,31.54166667
2019,8,31,30.3,33.2,28.8,1000.4,82,0.51,4.8,0.7,5.4,-,,,,,94.33333333,32.19166667,33.25
2019,9,1,31.3,36.3,25.4,1000.3,74,40.39,4.8,1.3,5.4,-,,,o,,115.6666667,45.8125,44.70833333
2019,9,2,30.1,34.8,24.2,1001.8,77,0.51,4.5,1.1,5.4,-,o,,,,86.95833333,31.37916667,30.58333333
2019,9,3,30.6,34.6,26.7,1000.3,74,0,5.3,5.7,9.4,-,,,,,52.45833333,13.925,13.33333333
2019,9,4,,,,,,,,,,,,,,,59.25,16.07916667,16.16666667
2019,9,5,,,,,,,,,,,o,,,,84.66666667,31.8,32.04166667
2019,9,6,,,,,,,,,,,o,,,,72.75,23.10833333,22.54166667
2019,9,7,29.1,32.5,27,1001.2,82,0.25,4.7,7.8,9.4,-,o,,,,63.45833333,18.1375,18.41666667
2019,9,8,29.4,32.8,27.2,1002,82,5.59,4.8,7,9.4,-,o,,,,84,27.65,28.20833333
2019,9,9,28.6,33.7,26.8,1001.3,86,22.86,4.7,1.9,5.4,-,o,,o,,108.75,38.50416667,39.04166667
2019,9,10,,,,,,,,,,,o,,o,,106.5833333,38.9,39.91666667
2019,9,11,,,,,,,,,,,o,,,,77.125,24.2,22.41666667
2019,9,12,,,,,,,,,,,o,,,,71.08333333,21.53333333,22.5
2019,9,13,27.6,29.5,26.6,1006.8,94,16.76,3.9,1.3,5.4,-,o,,,,125.2083333,46.975,47.5
2019,9,14,29.9,33.8,26.3,1006.1,79,0,4.5,3.1,9.4,-,o,,,,111.0833333,41.03333333,40.875
2019,9,15,30.9,35,27.4,1004.9,73,0,4.8,2.8,5.4,-,,,,,88.54166667,29.85416667,29.29166667
2019,9,16,,,,,,,,,,,o,,o,,97.75,34.1875,33.875
2019,9,17,,,,,,,,,,,,,,,113.9166667,40.4125,41.54166667
2019,9,18,,,,,,,,,,,,,,,126.8333333,55.01666667,55
2019,9,19,30.4,35.6,26.7,1008.5,73,0,4.8,0,-,-,o,,,,159.7916667,74.0625,75.29166667
2019,9,20,30.7,36.1,28,1007.1,72,0,4.8,0,-,-,o,,o,,136.0416667,57.425,57.75
2019,9,21,29.6,35,27.2,1007.1,77,0,4.7,0.7,5.4,-,,,,,127.9166667,48.775,47.16666667
2019,9,22,,,,,,,,,,,o,,o,,125.5,46.12083333,46.625
2019,9,23,,,,,,,,,,,o,,,,104.2916667,36.625,35.66666667
2019,9,24,,,,,,,,,,,o,,o,,79.45833333,25.35833333,25.70833333
2019,9,25,25.9,30.6,24.2,1015,90,9.91,4.3,1.1,9.4,-,o,,,,66.58333333,19.5875,19.25
2019,9,26,27.8,31.2,23.7,1014.8,78,1.02,4.5,1.1,5.4,-,o,,,,96.75,33.14166667,33.95833333
2019,9,27,28.7,32.2,25,1013.1,76,0,5,1.9,7.6,-,,,,,111.9583333,41.975,41.75
2019,9,28,,,,,,,,,,,o,,o,,107.9583333,38.14583333,38.16666667
2019,9,29,,,,,,,,,,,o,,o,,85.20833333,28.26666667,28.16666667
2019,9,30,,,,,,,,,,,,,,,108.25,38.26666667,38.70833333
2019,10,1,26.9,30.2,25.6,1007.9,90,45.72,4.2,3,9.4,-,o,,o,,95.95833333,32.68333333,32.95833333
2019,10,2,29.6,33.3,24.9,1008.1,75,0,4.7,3,5.4,-,,,,,105.0416667,37.08333333,37.04166667
2019,10,3,28.8,32.8,25.9,1008.6,83,19.3,4.5,1.7,7.6,-,o,,,,149.5416667,70.06666667,70.91666667
2019,10,4,,,,,,,,,,,,,,,129.5,50.44583333,50.375
2019,10,5,,,,,,,,,,,,,o,,130.875,56.32083333,55.79166667
2019,10,6,,,,,,,,,,,o,,o,,157.2083333,69.56666667,69.91666667
2019,10,7,27.6,30.4,24.9,1009.7,85,0,4,1.7,7.6,-,,,o,,158.7916667,80.35416667,81.91666667
2019,10,8,28.1,33.1,25.1,1010.8,82,0,4.2,2.6,9.4,-,,,,,125.2083333,49.975,49.75
2019,10,9,27.9,32.7,25,1010.1,81,0,4.5,1.7,7.6,-,,,,,48.09090909,-12.11818182,-14.40909091
2019,10,10,,,,,,,,,,,o,,o,,98.5,43.375,43.125
2019,10,11,,,,,,,,,,,,,,,72.54166667,22.89166667,23.33333333
2019,10,12,,,,,,,,,,,,,,,136.5833333,70.80416667,72.79166667
2019,10,13,28.8,33.5,24.2,1010.2,66,0,4.7,3.9,9.4,-,,,,,149.9583333,64.4375,64.375
2019,10,14,29,33.8,24.1,1011,64,0,4.8,0,-,-,,,,,156.0833333,70.17083333,69.375
2019,10,15,29.2,34.1,25.4,1011.3,70,0,4.5,1.3,5.4,-,,,,,162.0833333,77.01666667,75.95833333
2019,10,16,,,,,,,,,,,o,,o,,127.375,49.37916667,48.91666667
2019,10,17,,,,,,,,,,,,,,,121.6666667,47.42916667,47.79166667
2019,10,18,-,-,-,-,-,-,-,-,-,-,-,-,-,-,131.5833333,52.69583333,52.875
2019,10,19,-,-,-,-,-,-,-,-,-,-,-,-,-,-,152.5416667,70.825,73.45833333
2019,10,20,-,-,-,-,-,-,-,-,-,-,-,-,-,-,162.7083333,79.225,78.54166667
2019,10,21,-,-,-,-,-,-,-,-,-,-,-,-,-,-,169.0416667,90.3125,89.875
2019,10,22,-,-,-,-,-,-,-,-,-,-,-,-,-,-,-22.66666667,-85.54166667,96.5
2019,10,23,-,-,-,-,-,-,-,-,-,-,-,-,-,-,177.7083333,106.575,106.125
2019,10,24,,,,,,,,,,,o,,,,121.4166667,49.92916667,45.41666667
2019,10,25,23.9,25.9,21.6,1009.4,88,10.92,4,5.2,7.6,-,o,,,,54.59090909,14.25909091,-354.3181818
2019,10,27,24.9,29.7,21.9,1011.2,79,0,4.3,1.7,7.6,-,,,,,-27.71428571,-100.2571429,50.28571429
2019,10,28,,,,,,,,,,,,,,,142.4166667,56.70416667,-31.08333333
2019,10,29,,,,,,,,,,,,,,,160.25,73.47083333,74.375
2019,10,30,,,,,,,,,,,,,,,164.3333333,83.04166667,83.08333333
2019,10,31,27.4,32,23,1009.8,66,0,4.8,2.4,10.7,-,,,,,150.9583333,65.125,64.91666667
2019,11,1,27.2,32.2,23.2,1009.7,69,0,4.7,2.8,5.4,-,,,,,174,99.9,100
,,,,,,,,,,,,,,,,,,,
,,,,,,,,,,,,,,,,,,,
,,,,,,,,,,,,,,,,,,,
,,,,,,,,,,,,,,,,,,,
Year,Month,Day,Temp,TMax,Tmin,SLP,Humidity,PPresure,VVisiblity,VavgWindSpeed,VMWindSpeed,VGspeed,RAin,SNow,TStrom,FoG,AQI,NowCast,Raw
0,1,2,3,4,5,6,7,8,9,10,11,12,13,14,15,16,17,18,19
