Temp,TMax,Tmin,SLP,Humidity,PPresure,VVisiblity,VavgWindSpeed,VMWindSpeed,RAin,TStrom,FoG,AQI,NowCast,Raw
21.1,27.6,14.8,1018.8,66,0,1.8,0.6,3.5,1,0,11,388,77.74,78.47
21.5,27,14.2,1018,64,0,2.6,2.4,9.4,1,0,11,312,77.74,78.47
20.9,25.8,14.8,1016.5,63,0,2.6,2.2,9.4,1,0,11,305,77.74,78.47
19.9,24.8,14.3,1015.2,62.4,2.79,2,1.7,5.1,1,0,11,307,77.74,78.47
19.9,24.8,14.3,1015.2,62.4,2.79,2,1.7,5.1,1,0,11,294,77.74,78.47
19.9,24.8,14.3,1015.2,62.4,2.79,2,1.7,5.1,1,0,11,252,77.74,78.47
21.6,26.6,14.6,1016.6,57,0,2.6,0.7,3.5,1,0,11,253,77.74,78.47
21.2,26.8,14.4,1014.5,68,0,1.9,1.1,3.5,1,0,11,254,77.74,78.47
21.7,25,18.4,1013.2,80,0,1,0.9,3.5,1,0,11,304,77.74,78.47
19.9,24.8,14.3,1015.2,62.4,2.79,2,1.7,5.1,1,0,11,325,77.74,78.47
19.9,24.8,14.3,1015.2,62.4,2.79,2,1.7,5.1,1,0,11,274,77.74,78.47
19.9,24.8,14.3,1015.2,62.4,2.79,2,1.7,5.1,1,0,11,242,77.74,78.47
19.9,24.8,14.3,1015.2,62.4,2.79,2,1.7,5.1,1,0,11,307,77.74,78.47
20.3,25.2,14.2,1015,57,0,1.6,0,5.1,1,0,11,304,77.74,78.47
21.2,26,14,1012.6,57,0,1.9,0.7,3.5,1,0,11,375,77.74,78.47
19.2,26.6,14.9,1012.2,69,0,1.4,1.1,3.5,1,0,11,307,77.74,78.47
19.9,24.8,14.3,1015.2,62.4,2.79,2,1.7,5.1,1,0,11,331,77.74,78.47
19.9,24.8,14.3,1015.2,62.4,2.79,2,1.7,5.1,1,0,11,306,77.74,78.47
19.9,24.8,14.3,1015.2,62.4,2.79,2,1.7,5.1,1,0,11,290,77.74,78.47
19.1,22.8,16.5,1014.6,74,2.79,1.9,4.6,5.4,1,0,11,103,77.74,78.47
18.9,22.7,15.6,1015.9,74,0,1.9,3.5,7.2,1,0,11,102,77.74,78.47
17.3,20,14.8,1017.5,75,0,1.9,8.9,18.3,1,0,11,143,77.74,78.47
19.9,24.8,14.3,1015.2,62.4,2.79,2,1.7,5.1,1,0,11,131,77.74,78.47
19.9,24.8,14.3,1015.2,62.4,2.79,2,1.7,5.1,1,0,11,182,77.74,78.47
19.9,24.8,14.3,1015.2,62.4,2.79,2,1.7,5.1,1,0,11,306,77.74,78.47
16.2,22.1,10.2,1015.1,58,0,1.9,1.1,3.5,1,0,11,301,77.74,78.47
20.5,25,16.8,1014.1,47,0,2.3,1.1,3.5,1,0,11,369,77.74,78.47
19.9,24.8,14.3,1015.2,62.4,2.79,2,1.7,5.1,1,0,11,301,77.74,78.47
19.9,24.8,14.3,1015.2,62.4,2.79,2,1.7,5.1,1,0,11,280,77.74,78.47
18.4,24.4,13.4,1013.8,70,0,1.8,0.9,5.4,1,0,11,385,77.74,78.47
19.9,24.8,14.3,1015.2,62.4,2.79,2,1.7,5.1,1,0,11,392,77.74,78.47
21.7,28,17.8,1013.9,72,0,1.3,0.6,3.5,2,0,8,240,77.74,78.47
22.1,28.5,16.8,1015.2,68,0,1.6,1.9,5.4,2,0,8,302,77.74,78.47
24,27.8,17.6,1014.1,46,0,2.4,1.9,5.4,2,0,8,279,77.74,78.47
24.1,29.3,18.3,1013.9,57,4.07,2.4,1.2,4.6,2,0,8,208,77.74,78.47
24.1,29.3,18.3,1013.9,57,4.07,2.4,1.2,4.6,2,0,8,237,77.74,78.47
24.1,29.3,18.3,1013.9,57,4.07,2.4,1.2,4.6,2,0,8,320,77.74,78.47
22.4,28.4,13.6,1014.5,51,0,2.3,0.6,4.6,2,0,8,362,77.74,78.47
21.8,29.1,15.6,1013.8,60,0,2.6,0.6,4.6,2,0,8,369,77.74,78.47
24.2,27.5,18.6,1012.3,65,0.51,1.9,0.6,3.5,2,0,8,263,77.74,78.47
24.1,29.3,18.3,1013.9,57,4.07,2.4,1.2,4.6,2,0,8,246,77.74,78.47
24.1,29.3,18.3,1013.9,57,4.07,2.4,1.2,4.6,2,0,8,230,77.74,78.47
24.1,29.3,18.3,1013.9,57,4.07,2.4,1.2,4.6,2,0,8,199,77.74,78.47
25.7,29,19.2,1013.8,45,0,2.7,0.9,3.5,2,0,8,240,77.74,78.47
24.6,28.6,18.8,1013.6,57,0,1.9,0.6,3.5,2,0,8,290,77.74,78.47
25.6,30.6,19.6,1014.9,64,0,1.8,0.6,3.5,2,0,8,333,77.74,78.47
24.1,29.3,18.3,1013.9,57,4.07,2.4,1.2,4.6,2,0,8,367,77.74,78.47
24.1,29.3,18.3,1013.9,57,4.07,2.4,1.2,4.6,2,0,8,384,77.74,78.47
24.1,29.3,18.3,1013.9,57,4.07,2.4,1.2,4.6,2,0,8,341,77.74,78.47
26.6,33.6,21.8,1012.1,59,0,2.9,1.9,5.4,2,0,8,200,77.74,78.47
24.1,29.3,18.3,1013.9,57,4.07,2.4,1.2,4.6,2,0,8,107,77.74,78.47
24.1,29.3,18.3,1013.9,57,4.07,2.4,1.2,4.6,2,0,8,82,77.74,78.47
24.1,29.3,18.3,1013.9,57,4.07,2.4,1.2,4.6,2,0,8,290,77.74,78.47
24.1,29.3,18.3,1013.9,57,4.07,2.4,1.2,4.6,2,0,8,233,77.74,78.47
24.1,29.3,18.3,1013.9,57,4.07,2.4,1.2,4.6,2,0,8,236.62,77.74,78.47
24.1,29.3,18.3,1013.9,57,4.07,2.4,1.2,4.6,2,0,8,63,77.74,78.47
24.1,29.3,18.3,1013.9,57,4.07,2.4,1.2,4.6,2,0,8,112,77.74,78.47
25.8,31.2,22,1015.7,57,0,3.2,0.7,3.5,2,0,8,185,77.74,78.47
27.1,31.3,20.6,1015.7,52,0,2.9,0.7,3.5,2,0,8,245,77.74,78.47
24.1,29.3,18.3,1013.9,57,4.07,2.4,1.2,4.6,2,0,8,275,77.74,78.47
25.6,32.1,19.9,1013.8,56,0,2.7,0.4,3.5,8,5,1,87.58333333,39.5375,89.875
26.2,32,21.6,1014.5,56,0,3.9,1.5,3.5,8,5,1,234.7083333,169.825,165.0416667
26.6,33,21.4,1013.2,59,0,3.2,1.5,5.4,8,5,1,243.4166667,180.0708333,179.2916667
27.4,33.1,21.9,1010.8,56.9,57.92,3.6,2.3,7,8,5,1,170.9583333,89.14583333,93.58333333
27.4,33.1,21.9,1010.8,56.9,57.92,3.6,2.3,7,8,5,1,190.625,128.1291667,122.8333333
27.4,33.1,21.9,1010.8,56.9,57.92,3.6,2.3,7,8,5,1,195.0833333,132.6958333,130.2083333
26.7,33,20.2,1010.1,57,0,3.4,2.2,9.4,8,5,1,172.4166667,95.60416667,101.5833333
26.6,32.7,22.5,1009.5,56,0,3.1,3,9.4,8,5,1,185.2916667,118.5791667,114.5416667
29.5,34.5,22.5,1009.1,51,0,3.1,2,5.4,8,5,1,177.0416667,104,106.7916667
27.4,33.1,21.9,1010.8,56.9,57.92,3.6,2.3,7,8,5,1,180.9166667,110.3958333,108.9166667
27.4,33.1,21.9,1010.8,56.9,57.92,3.6,2.3,7,8,5,1,174.5,101.025,100.5416667
27.4,33.1,21.9,1010.8,56.9,57.92,3.6,2.3,7,8,5,1,178.1666667,108.0916667,107.625
27.4,33.1,21.9,1010.8,56.9,57.92,3.6,2.3,7,8,5,1,170.8333333,93.87083333,93.20833333
27.4,33.1,21.9,1010.8,56.9,57.92,3.6,2.3,7,8,5,1,178.0416667,106.55,105.4583333
27.4,32.4,20.7,1011.1,49,0,3.5,0,7,8,5,1,193.9166667,128.0916667,132.5416667
27.8,32.4,22.7,1010.4,49,0,3.9,1.5,5.4,8,5,1,204.7083333,145.05,144.2916667
26.3,33.1,21,1012.1,35,0,4,1.1,3.5,8,5,1,193.9583333,123.2125,120.4166667
27.4,33.1,21.9,1010.8,56.9,57.92,3.6,2.3,7,8,5,1,193.875,131.8791667,133.1666667
27.4,33.1,21.9,1010.8,56.9,57.92,3.6,2.3,7,8,5,1,156.3333333,70.05,67.83333333
27.4,33.1,21.9,1010.8,56.9,57.92,3.6,2.3,7,8,5,1,167.625,87.64583333,87.66666667
28.8,34.8,24.6,1006.2,64,0,3.9,4.8,9.4,8,5,1,157.75,75.35,75.20833333
29.2,34.2,25.5,1006.8,50,0,4,3.7,7.6,8,5,1,159.0416667,71.19583333,70.75
28.1,33.8,22,1009.4,36,0,4,2.4,7.6,8,5,1,164.0833333,80.99583333,82.875
27.4,33.1,21.9,1010.8,56.9,57.92,3.6,2.3,7,8,5,1,179.7916667,110.6625,111.4166667
27.4,33.1,21.9,1010.8,56.9,57.92,3.6,2.3,7,8,5,1,192.1666667,129.3416667,131.625
27.4,33.1,21.9,1010.8,56.9,57.92,3.6,2.3,7,8,5,1,235.0416667,175.1208333,174.625
28.9,33.2,24.8,1011.3,68,0,4.3,4.4,5.4,8,5,1,162.5416667,77.775,74.29166667
24.8,29.2,21.6,1011.2,81,1.02,4.3,5.7,14.8,8,5,1,123.2083333,45.19166667,43.83333333
26.6,33.6,20.8,1011.5,67,12.7,3.4,4.6,14.8,8,5,1,149.875,66.11666667,66.66666667
27.4,33.1,21.9,1010.8,56.9,57.92,3.6,2.3,7,8,5,1,159.125,77.64583333,77.875
27.4,33.1,21.9,1010.8,56.9,57.92,3.6,2.3,7,8,5,1,148.5,65.49583333,65.54166667
22.3,27,18.2,1010.2,78,7.11,3.9,2.6,9.4,5,2,0,130.375,53.47916667,54.5
25,27,20.6,1010.5,82,1.02,4,0,9.4,5,2,0,149.6666667,59.975,60.41666667
27.4,31.5,24.4,1009.5,83,9.14,3.9,1.3,3.5,5,2,0,145.625,63.55833333,61.54166667
30.2,34.8,26.8,1005.4,72.1,33.53,4.4,4.4,8.6,5,2,0,121.875,44.375,44.5
30.2,34.8,26.8,1005.4,72.1,33.53,4.4,4.4,8.6,5,2,0,122.25,45.78333333,2.5
30.2,34.8,26.8,1005.4,72.1,33.53,4.4,4.4,8.6,5,2,0,146.9583333,55.11666667,54.70833333
29.1,33,27.1,1007.1,81,0,4.2,4.6,5.4,5,2,0,146.3333333,54.5625,54.41666667
31,36,27,1006.9,70,0,4.5,4.4,9.4,5,2,0,147.125,60.89583333,61
30.2,34.8,26.8,1005.4,72.1,33.53,4.4,4.4,8.6,5,2,0,137.4583333,53.16666667,52.375
30.2,34.8,26.8,1005.4,72.1,33.53,4.4,4.4,8.6,5,2,0,138.2083333,55.67083333,55.79166667
30.1,36.6,27.1,1003.3,80,0,4.5,4.4,14.8,5,2,0,139.0416667,55.25,54.70833333
30.2,34.8,26.8,1005.4,72.1,33.53,4.4,4.4,8.6,5,2,0,149.375,63.475,64.33333333
30.2,34.8,26.8,1005.4,72.1,33.53,4.4,4.4,8.6,5,2,0,151.2916667,63.2625,62.375
30.2,34.8,26.8,1005.4,72.1,33.53,4.4,4.4,8.6,5,2,0,118.9583333,42.82916667,42.83333333
30.2,34.8,26.8,1005.4,72.1,33.53,4.4,4.4,8.6,5,2,0,131.2083333,47.73333333,47.45833333
30.2,34.8,26.8,1005.4,72.1,33.53,4.4,4.4,8.6,5,2,0,117.5416667,42.23333333,41.41666667
30.2,34.8,26.8,1005.4,72.1,33.53,4.4,4.4,8.6,5,2,0,115.125,42.02916667,42
30.2,34.8,26.8,1005.4,72.1,33.53,4.4,4.4,8.6,5,2,0,122.8333333,44.97083333,45.04166667
30.2,34.8,26.8,1005.4,72.1,33.53,4.4,4.4,8.6,5,2,0,116.2916667,41.7,42.41666667
30.9,35.9,28,1004.9,67,0,4.5,6.9,11.1,5,2,0,132.2083333,48.43333333,48.125
30.9,35.5,28,1002.9,69,0,4.8,8,11.1,5,2,0,112.7083333,40.25833333,40.04166667
31.4,36.4,28.2,1001.2,68,0,4.5,6.5,11.1,5,2,0,131.0416667,49.9875,49.5
30.2,34.8,26.8,1005.4,72.1,33.53,4.4,4.4,8.6,5,2,0,124.2083333,44.94583333,44.75
30.2,34.8,26.8,1005.4,72.1,33.53,4.4,4.4,8.6,5,2,0,129.9583333,49.57916667,49.66666667
30.2,34.8,26.8,1005.4,72.1,33.53,4.4,4.4,8.6,5,2,0,120.8333333,43.56666667,43.625
31.4,36.3,28.4,1007,68,0,4.8,4.4,7.6,5,2,0,116.1666667,41.63333333,41.25
32.1,36.8,28.2,1006,65,0,4.8,4.3,5.4,5,2,0,116.1666667,41.54166667,41.95833333
31.6,36.5,28.2,1004.4,67,0,4.5,3.3,5.4,5,2,0,123.1666667,44.5,44.33333333
30.2,34.8,26.8,1005.4,72.1,33.53,4.4,4.4,8.6,5,2,0,139.4583333,54.7625,54.41666667
30.2,34.8,26.8,1005.4,72.1,33.53,4.4,4.4,8.6,5,2,0,130.2083333,47.79583333,47.91666667
30.4,34.3,25.1,1003.8,69,9.91,4.5,5.4,5.4,11,9,0,126.5416667,46.84166667,46.95833333
26.3,33,22.7,1005.9,68,0,4.2,5.4,14.8,11,9,0,129.5416667,47.96666667,48.29166667
28.2,32.4,22,1006.8,74,0,4.3,5,9.4,11,9,0,140.125,53.1125,54.58333333
28.5,33.3,24.6,1004.8,73.2,179.58,4.2,3.8,9.4,11,9,0,114.8333333,41.38333333,40.54166667
28.5,33.3,24.6,1004.8,73.2,179.58,4.2,3.8,9.4,11,9,0,149.5416667,63.10416667,64.16666667
28.5,33.3,24.6,1004.8,73.2,179.58,4.2,3.8,9.4,11,9,0,151.0833333,78.15416667,78.66666667
26.8,31.6,23.4,1008.8,75,4.06,3.7,4.3,14.8,11,9,0,139.1666667,62.0125,59.45833333
29.1,34,22.8,1009.1,62,4.32,4.5,2,5.4,11,9,0,125.6666667,51.21666667,55.45833333
28.6,35.6,26,1008.1,73,2.29,4.3,0,5.4,11,9,0,164.9166667,90.15416667,87.58333333
28.5,33.3,24.6,1004.8,73.2,179.58,4.2,3.8,9.4,11,9,0,167.4583333,87.20833333,88.75
28.5,33.3,24.6,1004.8,73.2,179.58,4.2,3.8,9.4,11,9,0,159.9583333,75.51666667,75.54166667
28.5,33.3,24.6,1004.8,73.2,179.58,4.2,3.8,9.4,11,9,0,148.7916667,72.25,68.91666667
24.9,32.1,23,1005.5,83,32,3.7,3.9,9.4,11,9,0,104.625,36.9125,36.95833333
28.8,34,22.6,1006.2,77,2.03,4,3,9.4,11,9,0,119.8333333,44.14583333,45.125
30.6,34.7,26.8,1005.8,73,0,4.5,2.4,5.4,11,9,0,111.125,39.9,39.16666667
28.5,33.3,24.6,1004.8,73.2,179.58,4.2,3.8,9.4,11,9,0,96.41666667,33.22916667,33.04166667
28.5,33.3,24.6,1004.8,73.2,179.58,4.2,3.8,9.4,11,9,0,79.625,25.7125,25.41666667
28.5,33.3,24.6,1004.8,73.2,179.58,4.2,3.8,9.4,11,9,0,92.08333333,31.475,31.625
27.3,30.6,24,1005.4,80,0.25,4.2,5.6,11.1,11,9,0,84.29166667,27.75416667,27.58333333
25.8,28.8,24,1002.1,90,10.16,4.2,1.3,3.5,11,9,0,72.08333333,22.15416667,22.375
24.4,25,23.8,997.2,93,63.5,3.1,11.1,22.2,11,9,0,55.5,15.2875,15.70833333
28.5,33.3,24.6,1004.8,73.2,179.58,4.2,3.8,9.4,11,9,0,136.375,52.4875,52.91666667
28.5,33.3,24.6,1004.8,73.2,179.58,4.2,3.8,9.4,11,9,0,118,43.49583333,44.70833333
28.5,33.3,24.6,1004.8,73.2,179.58,4.2,3.8,9.4,11,9,0,136.75,57.65,55.95833333
28.5,33.3,24.6,1004.8,73.2,179.58,4.2,3.8,9.4,11,9,0,134.0833333,54.65833333,56.08333333
28.5,33.3,24.6,1004.8,73.2,179.58,4.2,3.8,9.4,11,9,0,143.375,54.70416667,53.95833333
28.7,32.8,23,1003,77,3.81,4.2,4.8,16.5,11,9,0,137.9583333,59.0625,59
26.9,29,24.9,1002.5,83,8.64,4,2,5.4,11,9,0,112.8333333,40.57916667,40
28.5,33.3,24.6,1004.8,73.2,179.58,4.2,3.8,9.4,11,9,0,127.5,49.825,51.33333333
28.5,33.3,24.6,1004.8,73.2,179.58,4.2,3.8,9.4,11,9,0,150,66.87916667,66.66666667
28.5,33.3,24.6,1004.8,73.2,179.58,4.2,3.8,9.4,11,9,0,145.7083333,64.40416667,64.33333333
29.6,32.8,25.2,1004.4,74,0,4.5,1.1,3.5,4,3,0,143.5416667,59.69166667,62.66666667
31.3,35.4,25.8,1004.2,64,0,4.8,1.9,9.4,4,3,0,156.125,81.79166667,78.54166667
31.6,36,28,1004.2,65,0,4.7,3.5,5.4,4,3,0,130.875,49.35,49.16666667
31,34.5,27.7,1003.7,70.3,10.17,4.7,3.1,5.7,4,3,0,122.4583333,45.86666667,45.45833333
31,34.5,27.7,1003.7,70.3,10.17,4.7,3.1,5.7,4,3,0,122.5416667,44.26666667,44.33333333
31,34.5,27.7,1003.7,70.3,10.17,4.7,3.1,5.7,4,3,0,118.75,42.85,42.95833333
31,34.5,27.7,1003.7,70.3,10.17,4.7,3.1,5.7,4,3,0,130.2083333,50.45833333,50.91666667
31,34.5,27.7,1003.7,70.3,10.17,4.7,3.1,5.7,4,3,0,92.5,31.53333333,97.91666667
31,34.5,27.7,1003.7,70.3,10.17,4.7,3.1,5.7,4,3,0,86.16666667,28.575,13.75
31,34.5,27.7,1003.7,70.3,10.17,4.7,3.1,5.7,4,3,0,92.58333333,31.5625,32.58333333
31,34.5,27.7,1003.7,70.3,10.17,4.7,3.1,5.7,4,3,0,141.625,55.0125,54.75
31,34.5,27.7,1003.7,70.3,10.17,4.7,3.1,5.7,4,3,0,118,42.79583333,42.75
31,34.5,27.7,1003.7,70.3,10.17,4.7,3.1,5.7,4,3,0,118.75,43.00833333,42.83333333
31,34.5,27.7,1003.7,70.3,10.17,4.7,3.1,5.7,4,3,0,132.4583333,50.69583333,51.54166667
31,34.5,27.7,1003.7,70.3,10.17,4.7,3.1,5.7,4,3,0,125.0833333,46.17916667,45.95833333
31,34.5,27.7,1003.7,70.3,10.17,4.7,3.1,5.7,4,3,0,136.5416667,50.32083333,7.041666667
31,34.5,27.7,1003.7,70.3,10.17,4.7,3.1,5.7,4,3,0,102.4583333,36.275,35.41666667
31,34.5,27.7,1003.7,70.3,10.17,4.7,3.1,5.7,4,3,0,88.625,29.925,29.875
31,34.5,27.7,1003.7,70.3,10.17,4.7,3.1,5.7,4,3,0,102.5833333,35.92916667,36.125
31,34.5,27.7,1003.7,70.3,10.17,4.7,3.1,5.7,4,3,0,72.95833333,22.5375,22.41666667
30.4,34.2,27.6,1004.2,73,1.78,4.3,2.8,5.4,4,3,0,73.91666667,22.98333333,23.33333333
28.8,32.4,27.8,1004.8,82,0.76,4.2,1.9,5.4,4,3,0,73.08333333,22.6375,22.41666667
30.5,33.8,28.1,1002.6,76,0.51,4,17.2,5.4,4,3,0,88.83333333,29.4875,12.75
31,34.5,27.7,1003.7,70.3,10.17,4.7,3.1,5.7,4,3,0,77.83333333,24.69583333,24.5
31,34.5,27.7,1003.7,70.3,10.17,4.7,3.1,5.7,4,3,0,92.70833333,31.4,31.33333333
31,34.5,27.7,1003.7,70.3,10.17,4.7,3.1,5.7,4,3,0,122.625,45.2,45.29166667
31.9,35,27.9,1002.3,66,0,5,3.7,9.4,4,3,0,77.375,24.43333333,23.5
31.7,34.6,29,1003.2,68,0,4.7,3.3,5.4,4,3,0,73.41666667,22.73333333,23.29166667
31.2,34.8,29,1002.6,71,0,4.7,1.5,5.4,4,3,0,96.83333333,33.44166667,34.04166667
31,34.5,27.7,1003.7,70.3,10.17,4.7,3.1,5.7,4,3,0,96.16666667,32.7875,32.33333333
30.1,31.8,28,1000,78,4.32,5,1.9,5.4,22,4,0,81.41666667,26.52916667,26.95833333
29.4,32.2,27,998.8,83,26.67,3.9,3.9,5.4,22,4,0,71.29166667,21.7125,21.04166667
27.8,31.3,26.6,998.5,92,28.7,3.5,2.4,3.5,22,4,0,79.04166667,25.25833333,25.91666667
29,32.2,26.1,1001.7,81.7,368.05,4.5,2.4,5.7,22,4,0,74.58333333,23.30416667,22.54166667
29,32.2,26.1,1001.7,81.7,368.05,4.5,2.4,5.7,22,4,0,67.875,20.15,20
29,32.2,26.1,1001.7,81.7,368.05,4.5,2.4,5.7,22,4,0,64.16666667,18.65833333,19.33333333
30.9,33.6,26,998.6,74,0,4.7,1.5,5.4,22,4,0,70,21.1125,21
30.9,34.1,27.3,998.2,72,0,5,1.5,5.4,22,4,0,59.25,16.07083333,15.70833333
29.8,33.5,28,997.7,76,0,4.7,4.1,5.4,22,4,0,51.66666667,13.1875,13.83333333
29,32.2,26.1,1001.7,81.7,368.05,4.5,2.4,5.7,22,4,0,65.41666667,18.97083333,18.66666667
29,32.2,26.1,1001.7,81.7,368.05,4.5,2.4,5.7,22,4,0,64.875,18.69583333,18.70833333
29,32.2,26.1,1001.7,81.7,368.05,4.5,2.4,5.7,22,4,0,76.08333333,23.9125,24.04166667
27.6,33.5,19.5,1000.2,94,21.34,4.5,1.5,3.5,22,4,0,81.54166667,26.55,27.33333333
30.5,34.5,27.4,999.7,75,0,4.8,2.6,3.5,22,4,0,89.25,30.25833333,29.95833333
29.2,33.2,27,1000.4,81,7.87,4.5,2.6,3.5,22,4,0,83.875,27.67916667,27.20833333
29,32.2,26.1,1001.7,81.7,368.05,4.5,2.4,5.7,22,4,0,95.29166667,32.61666667,32.83333333
29,32.2,26.1,1001.7,81.7,368.05,4.5,2.4,5.7,22,4,0,84.75,28.11666667,28.125
29,32.2,26.1,1001.7,81.7,368.05,4.5,2.4,5.7,22,4,0,91.91666667,31.22916667,31.83333333
28.3,31.5,26.4,1002.1,87,6.1,4.7,0.7,3.5,22,4,0,102.1666667,35.60416667,36.08333333
29,32,26.8,1002.3,84,1.02,4.3,1.5,5.4,22,4,0,111.9583333,40.5,40.79166667
29.2,30.9,27.7,1004.1,81,2.79,4.5,2.2,5.4,22,4,0,112.125,40.89166667,35.07
29,32.2,26.1,1001.7,81.7,368.05,4.5,2.4,5.7,22,4,0,93.125,31.5625,31
29,32.2,26.1,1001.7,81.7,368.05,4.5,2.4,5.7,22,4,0,89.41666667,29.91666667,30.875
29,32.2,26.1,1001.7,81.7,368.05,4.5,2.4,5.7,22,4,0,105.5416667,37.2,37.20833333
29,32.2,26.1,1001.7,81.7,368.05,4.5,2.4,5.7,22,4,0,83.625,27.49166667,26.79166667
27.8,30.7,25.2,1008.3,80,3.81,4.5,3.1,5.4,22,4,0,81.08333333,26.19583333,26.41666667
30.8,33.5,25.2,1007,66,0,5,3,5.4,22,4,0,94,33.225,34.04166667
29.7,33.6,27.5,1004.7,79,0,5,0.4,3.5,22,4,0,94.58333333,32.40416667,33.08333333
29,32.2,26.1,1001.7,81.7,368.05,4.5,2.4,5.7,22,4,0,155.1666667,69.09583333,68.95833333
29,32.2,26.1,1001.7,81.7,368.05,4.5,2.4,5.7,22,4,0,127.7083333,46.97083333,46.875
29,32.2,26.1,1001.7,81.7,368.05,4.5,2.4,5.7,22,4,0,99.08333333,34.75833333,34.125
29.5,33.6,25.4,999.3,78,10.67,4.7,2.2,5.4,18,4,0,100.0833333,36.14166667,36.125
29.7,33.8,27.2,997.7,76,4.06,4.8,1.9,5.4,18,4,0,63.125,17.84583333,18
30.4,34.4,27.2,998.6,71,4.06,5,3.9,9.4,18,4,0,72.41666667,22.25833333,21.91666667
29.5,33.2,26.8,1001.3,78.1,172.98,4.8,2.1,5.5,18,4,0,66.16666667,19.27916667,19.25
29.5,33.2,26.8,1001.3,78.1,172.98,4.8,2.1,5.5,18,4,0,65.16666667,18.81666667,19.16666667
29.5,33.2,26.8,1001.3,78.1,172.98,4.8,2.1,5.5,18,4,0,69.95833333,21.09166667,20.95833333
29.3,32.6,27,1002.5,79,0,4.8,3.5,5.4,18,4,0,70.08333333,21.2,21.5
29.3,33.3,27,1001.1,78,0.51,4.8,2.2,3.5,18,4,0,76.70833333,24.27916667,24.08333333
27.5,28.8,26.3,999.5,83,2.29,4.3,3.9,5.4,18,4,0,66.375,19.4,19.33333333
29.5,33.2,26.8,1001.3,78.1,172.98,4.8,2.1,5.5,18,4,0,56.875,15.32916667,15.29166667
29.5,33.2,26.8,1001.3,78.1,172.98,4.8,2.1,5.5,18,4,0,87.375,29.26666667,30.20833333
29.5,33.2,26.8,1001.3,78.1,172.98,4.8,2.1,5.5,18,4,0,94.79166667,32.75,32.33333333
29.8,33.3,28,1001.3,81,10.67,5,0,5.5,18,4,0,117.25,42.10833333,42.75
29.8,33.4,27.2,999.7,83,1.52,4.5,0,5.5,18,4,0,123.3333333,44.84166667,45.125
30.2,34.8,28,996.7,77,0.51,4.8,2.2,3.5,18,4,0,114.5,46.475,45.79166667
29.5,33.2,26.8,1001.3,78.1,172.98,4.8,2.1,5.5,18,4,0,74.45833333,23.02916667,22.58333333
29.5,33.2,26.8,1001.3,78.1,172.98,4.8,2.1,5.5,18,4,0,55.70833333,15.24166667,15.75
29.5,33.2,26.8,1001.3,78.1,172.98,4.8,2.1,5.5,18,4,0,101.1666667,35.04166667,35.625
30.7,34.8,26.6,1001.7,73,0,4.5,1.9,5.4,18,4,0,121,43.7,44.08333333
30.7,33.6,27.8,1000.5,76,0,4.7,1.9,5.4,18,4,0,135.0833333,53.49166667,55.29166667
26.4,29.6,25,1000.1,85,18.54,4.2,4.3,7.6,18,4,0,117.2916667,44.88333333,43.08333333
29.5,33.2,26.8,1001.3,78.1,172.98,4.8,2.1,5.5,18,4,0,102.75,36.13333333,37.375
29.5,33.2,26.8,1001.3,78.1,172.98,4.8,2.1,5.5,18,4,0,160.3333333,76.82916667,78.91666667
29.5,33.2,26.8,1001.3,78.1,172.98,4.8,2.1,5.5,18,4,0,157.5833333,70.65416667,69.54166667
31.8,36.1,25.8,1003,74,32.77,5.3,0,5.5,18,4,0,157.5833333,72.84583333,70.83333333
29.4,33.2,26,1005.3,83,0,4.8,0,5.5,18,4,0,89.5,29.99166667,30.33333333
30.2,35.4,27.4,1006.5,78,0.51,5,0.6,3.5,18,4,0,101.9166667,35.52083333,35.41666667
29.5,33.2,26.8,1001.3,78.1,172.98,4.8,2.1,5.5,18,4,0,118.2916667,45.03333333,46.54166667
29.5,33.2,26.8,1001.3,78.1,172.98,4.8,2.1,5.5,18,4,0,119.375,44.3875,39.7
29.5,33.2,26.8,1001.3,78.1,172.98,4.8,2.1,5.5,18,4,0,88.95833333,30.075,29.70833333
29.3,33.7,28.2,1004.5,81,0,5.1,0.7,3.5,18,4,0,75.08333333,23.58333333,23.54166667
29.1,33.4,27.7,1002.7,82,2.03,5,1.1,3.5,18,6,0,106.4,29.21,39.7
29.1,32.8,26.2,1000.5,83,0,4.7,1.1,3.5,18,6,0,107,37.59583333,38.04166667
28.8,32.6,26.1,1000.2,83,6.1,4.3,0,3.5,18,6,0,93.45833333,31.88333333,31.75
29,32.7,26.7,1004.3,81.9,143.77,4.6,0.9,4.3,18,6,0,91.08333333,31.1,30.5
29,32.7,26.7,1004.3,81.9,143.77,4.6,0.9,4.3,18,6,0,76.125,24.07916667,24.41666667
29,32.7,26.7,1004.3,81.9,143.77,4.6,0.9,4.3,18,6,0,84.45833333,27.80833333,28.375
28.9,32.8,26.4,1002.2,80,0.76,4.5,2.4,5.4,18,6,0,103.1666667,36.39166667,36.5
29.6,33,27.9,1004,78,0,4.8,0.9,5.4,18,6,0,128.0833333,46.97083333,47.5
30.6,33.2,27.5,1005.4,69,0,5,3,5.4,18,6,0,130.5,51.52916667,51.41666667
29,32.7,26.7,1004.3,81.9,143.77,4.6,0.9,4.3,18,6,0,132.3333333,49.59166667,50.29166667
29,32.7,26.7,1004.3,81.9,143.77,4.6,0.9,4.3,18,6,0,116.5833333,41.825,41.375
29,32.7,26.7,1004.3,81.9,143.77,4.6,0.9,4.3,18,6,0,119.4166667,42.96666667,42.45833333
26.4,29.2,25.4,1006.6,94,11.94,4,0,4.3,18,6,0,80.45833333,25.7625,26.5
29,32.7,26.7,1004.3,81.9,143.77,4.6,0.9,4.3,18,6,0,91.70833333,30.925,30.20833333
30.9,34.2,26.6,1005.2,72,0.25,4.8,0,4.3,18,6,0,90,30.04583333,30.5
29.6,33.2,27.2,1005,79,0,5,0,4.3,18,6,0,83.45833333,27.2125,27.375
29,32.7,26.7,1004.3,81.9,143.77,4.6,0.9,4.3,18,6,0,76.25,24.09583333,23.41666667
29,32.7,26.7,1004.3,81.9,143.77,4.6,0.9,4.3,18,6,0,86.79166667,28.9875,29.375
29,32.7,26.7,1004.3,81.9,143.77,4.6,0.9,4.3,18,6,0,89.125,30.12083333,30.54166667
29,32.7,26.7,1004.3,81.9,143.77,4.6,0.9,4.3,18,6,0,94.66666667,33.25416667,33.125
28.3,31.8,26.1,1007.8,88,3.81,4.5,0,4.3,18,6,0,93.375,31.7,31.875
28.2,32.7,26,1007.2,85,0.51,4.7,0,4.3,18,6,0,100.0416667,34.75833333,34.83333333
29.4,34,25.6,1005.5,75,0,4.7,0.6,3.5,18,6,0,94.58333333,32.27083333,31.29166667
29,32.7,26.7,1004.3,81.9,143.77,4.6,0.9,4.3,18,6,0,77.95833333,24.77916667,25.70833333
29,32.7,26.7,1004.3,81.9,143.77,4.6,0.9,4.3,18,6,0,94.33333333,32.225,32.04166667
29,32.7,26.7,1004.3,81.9,143.77,4.6,0.9,4.3,18,6,0,105.2916667,38.97916667,40.54166667
29.8,34.4,25.8,1006,79,0,4.8,0,4.3,18,6,0,135.5,54.58333333,55.25
28.1,30.3,27.2,1005.1,89,0.51,4.3,0,4.3,18,6,0,158.625,71.90833333,71.95833333
29.3,34.1,26.5,1004.7,83,11.68,4.5,1.9,3.5,18,6,0,126.125,51.0375,48.875
29,32.7,26.7,1004.3,81.9,143.77,4.6,0.9,4.3,18,6,0,110.625,40.6875,41.5
29,34,25.8,1007,79,0.25,4.5,0.6,3.5,11,6,0,119.9166667,45.425,45.83333333
28.9,32.3,27.2,1008.5,84,0,5,0.7,3.5,11,6,0,138.7916667,56.44166667,57.125
28.3,33,25.4,1006.9,74.3,73.9,4.6,0.9,4.4,11,6,0,140.7083333,55.1375,54.79166667
30.2,35.4,27.6,1003.8,77,0,4.8,0,4.4,11,6,0,161.6666667,76.41666667,76.33333333
28.3,33,25.4,1006.9,74.3,73.9,4.6,0.9,4.4,11,6,0,112.6666667,44.2125,43.58333333
28.3,33,25.4,1006.9,74.3,73.9,4.6,0.9,4.4,11,6,0,146.7916667,71.66666667,72.66666667
28.3,33,25.4,1006.9,74.3,73.9,4.6,0.9,4.4,11,6,0,110.5,43.77083333,41.91666667
28.6,31,26.4,1007.1,84,0,4.3,0,4.4,11,6,0,105.5416667,37.12083333,36.79166667
28.1,33,26.4,1004.8,84,0,4.5,0.7,3.5,11,6,0,105.6666667,37.9375,38.08333333
28.8,33.5,26.6,1004.3,79,0.25,4.7,0.6,3.5,11,6,0,104.625,37.10416667,36.83333333
28.3,33,25.4,1006.9,74.3,73.9,4.6,0.9,4.4,11,6,0,78.58333333,25.12916667,25
28.3,33,25.4,1006.9,74.3,73.9,4.6,0.9,4.4,11,6,0,104.9166667,37.125,38.41666667
28.3,33,25.4,1006.9,74.3,73.9,4.6,0.9,4.4,11,6,0,164.2083333,87.48333333,87
28.3,33,25.4,1006.9,74.3,73.9,4.6,0.9,4.4,11,6,0,115.4583333,44.075,45.66666667
29.6,32.9,24.5,1007.9,62,0,4.7,0.6,3.5,11,6,0,145.3333333,63.62916667,63.5
29.3,34.4,25.6,1008,60,0,4.5,1.5,5.4,11,6,0,144.5833333,59.675,58.625
29.8,34.7,25.9,1006.5,70,0,4.3,1.5,3.5,11,6,0,155.4166667,64.8625,65.33333333
28.3,33,25.4,1006.9,74.3,73.9,4.6,0.9,4.4,11,6,0,159.375,73.08333333,74.25
28.3,33,25.4,1006.9,74.3,73.9,4.6,0.9,4.4,11,6,0,162.8333333,78.34583333,77.54166667
28.3,33,25.4,1006.9,74.3,73.9,4.6,0.9,4.4,11,6,0,138.375,58.76666667,57.95833333
28.8,35.8,25.5,1006,62,0,4.8,1.5,3.5,11,6,0,150.625,68.425,69.29166667
29.9,33.6,23.6,1006.7,53,0,4.7,0,3.5,11,6,0,165.3333333,83.27916667,84.33333333
29.3,33.2,22.8,1005.9,51,0,4.7,2.8,9.4,11,6,0,159.3333333,75.92083333,74.70833333
28.3,33,25.4,1006.9,74.3,73.9,4.6,0.9,4.4,11,6,0,160.7916667,74.41666667,75.16666667
28.3,33,25.4,1006.9,74.3,73.9,4.6,0.9,4.4,11,6,0,164.2083333,81.02083333,80.45833333
28.3,33,25.4,1006.9,74.3,73.9,4.6,0.9,4.4,11,6,0,158.9166667,78.30416667,78.125
25.2,30.2,24.2,1011.9,89,45.72,4,2.2,9.4,11,6,0,122.0833333,46.93333333,45.41666667
26.3,30.5,24,1010.9,86,7.37,4.3,0,4.4,11,6,0,112.4166667,42.01666667,43.75
26.4,31.5,24.5,1010.5,83,10.16,5,0,4.4,11,6,0,115.9166667,42.73333333,41.625
28.3,33,25.4,1006.9,74.3,73.9,4.6,0.9,4.4,11,6,0,113.2083333,40.86666667,40.75
28.3,33,25.4,1006.9,74.3,73.9,4.6,0.9,4.4,11,6,0,133.4166667,55.59166667,57.25
28.4,34,25.6,1011.1,76,0,4.7,0.7,3.5,4,1,0,135.875,62.97916667,61.70833333
30.1,34.1,25.2,1011.1,65,0,4.7,1.1,3.5,4,1,0,132.2083333,51.52916667,51.25
28.5,34.5,26,1011.8,70,0.51,4.5,0,4.3,4,1,0,134,51.69166667,53.625
24.1,29.5,20.3,1011.2,72.8,24.13,4.2,0.9,4.3,4,1,0,136.5833333,61.59166667,60.45833333
24.1,29.5,20.3,1011.2,72.8,24.13,4.2,0.9,4.3,4,1,0,89.33333333,29.96666667,28.04166667
24.1,29.5,20.3,1011.2,72.8,24.13,4.2,0.9,4.3,4,1,0,48.70833333,12.40833333,12.45833333
23.6,27.4,21.6,1008.9,84,0,4.3,1.5,3.5,4,1,0,106.8333333,41.43333333,44.58333333
24,30.2,20.6,1010.6,81,0,4.3,0,4.3,4,1,0,167.5,88.85416667,90.66666667
25.9,31.2,20.4,1011.3,66,0,4.8,0,4.3,4,1,0,150.0416667,75.54166667,72.95833333
24.1,29.5,20.3,1011.2,72.8,24.13,4.2,0.9,4.3,4,1,0,167.2916667,91.8875,94.54166667
24.1,29.5,20.3,1011.2,72.8,24.13,4.2,0.9,4.3,4,1,0,241.5416667,183.3541667,186.7916667
24.1,29.5,20.3,1011.2,72.8,24.13,4.2,0.9,4.3,4,1,0,202.125,141.2291667,139.7083333
24.1,29.5,20.3,1011.2,72.8,24.13,4.2,0.9,4.3,4,1,0,202.7083333,137.1416667,93.08333333
24.6,30.6,20.2,1012.9,60,0,4,1.5,3.5,4,1,0,200.25,135.0458333,134.3333333
23.8,29.8,19,1012.2,62,0,4,1.9,5.4,4,1,0,209.5416667,154.3083333,153.5416667
24.7,29.7,20,1012.8,63,0,4.3,1.9,3.5,4,1,0,188.7916667,123.7125,122.0416667
24.1,29.5,20.3,1011.2,72.8,24.13,4.2,0.9,4.3,4,1,0,178.9166667,109.5416667,108.2083333
24.1,29.5,20.3,1011.2,72.8,24.13,4.2,0.9,4.3,4,1,0,189.625,123.4416667,123.9583333
24.1,29.5,20.3,1011.2,72.8,24.13,4.2,0.9,4.3,4,1,0,193.9583333,127.0166667,125.0416667
24.1,29.5,20.3,1011.2,72.8,24.13,4.2,0.9,4.3,4,1,0,178.125,106.1,105.4166667
21.9,28.5,18.8,1010.4,71,0,4,0,4.3,4,1,0,171,97.19583333,98.875
24.1,29.5,20.3,1011.2,72.8,24.13,4.2,0.9,4.3,4,1,0,188.5416667,120.75,119.9583333
22.2,28.5,17.7,1011.2,73,0,3.4,0.7,3.5,4,1,0,196.5833333,132.55,133.375
24.1,29.5,20.3,1011.2,72.8,24.13,4.2,0.9,4.3,4,1,0,183.25,115.7875,115.4166667
22.7,29.2,18.3,1010.5,69,0,4.2,0.6,3.5,4,1,0,234.9166667,177.8291667,179.0833333
24.1,29.5,20.3,1011.2,72.8,24.13,4.2,0.9,4.3,4,1,0,182.6666667,113.6583333,113.3333333
24.1,29.5,20.3,1011.2,72.8,24.13,4.2,0.9,4.3,4,1,0,182.2083333,111.6708333,110.4166667
24.1,29.5,20.3,1011.2,72.8,24.13,4.2,0.9,4.3,4,1,0,197.3333333,129.2666667,128.9166667
24.1,29.5,20.3,1011.2,72.8,24.13,4.2,0.9,4.3,4,1,0,183.1666667,111.5916667,110
23,29.2,18.6,1014.7,73,0,4.2,0.7,3.5,4,1,0,161.375,83.5875,84.58333333
24.3,29.6,18.8,1014.2,69,0,4.2,0.6,3.5,0,0,0,170,92.0875,93.70833333
22.9,29.6,18.8,1014.9,75,0,3.9,0.6,3.5,0,0,0,178.1666667,107.5,108.2083333
24.3,29.5,19,1015.8,63,0,4,0.9,3.5,0,0,0,206.2916667,141.3,141.2083333
21.6,27.6,17.2,1013.3,70,0,3.5,1.2,3.6,0,0,0,168.0416667,93.62916667,93.33333333
21.6,27.6,17.2,1013.3,70,0,3.5,1.2,3.6,0,0,0,189.0416667,126.3416667,128
21.6,27.6,17.2,1013.3,70,0,3.5,1.2,3.6,0,0,0,191.75,129.7333333,129.0416667
20.9,30.7,16.4,1012.8,72,0,3.9,0,3.6,0,0,0,197.8333333,127.4,123.125
20.8,31,15.5,1011.6,68,0,4.2,0.6,3.5,0,0,0,174.5416667,106.6166667,109.4166667
21.4,27.4,17,1010.9,70,0,3.5,1.9,3.5,0,0,0,199.2916667,139.45,140.7916667
21.6,27.6,17.2,1013.3,70,0,3.5,1.2,3.6,0,0,0,197.9166667,139.3083333,139.3333333
21.6,27.6,17.2,1013.3,70,0,3.5,1.2,3.6,0,0,0,203.0833333,143.85,142.75
21.6,27.6,17.2,1013.3,70,0,3.5,1.2,3.6,0,0,0,196.0833333,137.3125,136.375
21.6,27.6,17.2,1013.3,70,0,3.5,1.2,3.6,0,0,0,205.375,150.4958333,152.375
19.3,23.4,17,1013.1,73,0,3.2,1.5,3.5,0,0,0,228.7083333,177.4125,178.5416667
20.7,26.3,15.8,1013.1,68,0,3.4,2.4,3.5,0,0,0,232.0833333,179.0083333,181.2916667
19.9,26.8,16.4,1013.1,73,0,3.4,0,3.5,0,0,0,226.7083333,167.4916667,168.125
21.6,27.6,17.2,1013.3,70,0,3.5,1.2,3.6,0,0,0,245.9166667,190.3375,189.8333333
21.6,27.6,17.2,1013.3,70,0,3.5,1.2,3.6,0,0,0,248.2916667,196.5333333,194.9166667
21.6,27.6,17.2,1013.3,70,0,3.5,1.2,3.6,0,0,0,237.625,187.4208333,189.5416667
21.2,26.8,18.2,1013.1,67,0,3.9,0.7,3.5,0,0,0,223.875,169.8416667,168.7916667
21.6,27.6,17.2,1013.3,70,0,3.5,1.2,3.6,0,0,0,265,214.2416667,216.1666667
21.6,27.6,17.2,1013.3,70,0,3.5,1.2,3.6,0,0,0,280.0416667,228.9791667,226.375
21.6,27.6,17.2,1013.3,70,0,3.5,1.2,3.6,0,0,0,289.8333333,239.3375,242.7083333
21.6,27.6,17.2,1013.3,70,0,3.5,1.2,3.6,0,0,0,322.6666667,272.7916667,273.125
21.6,27.6,17.2,1013.3,70,0,3.5,1.2,3.6,0,0,0,253.75,199.3166667,197.1666667
22.9,27.5,18.5,1012.3,74,0,2.6,0.9,3.5,0,0,0,266.7916667,216.0875,217.0416667
21.3,26.5,18.3,1013.6,70,0,2.9,1.5,3.5,0,0,0,222.2083333,166.5458333,161.125
21.6,27.6,17.2,1013.3,70,0,3.5,1.2,3.6,0,0,0,203.4166667,146.6458333,147.625
21.6,27.6,17.2,1013.3,70,0,3.5,1.2,3.6,0,0,0,212.5416667,158.725,156.7916667
21.6,27.6,17.2,1013.3,70,0,3.5,1.2,3.6,0,0,0,223.8333333,167.8166667,169.1666667
21.6,27.6,17.2,1013.3,70,0,3.5,1.2,3.6,0,0,0,242.0833333,191.4,197.4583333
20.8,26.2,15.5,1013.5,62.8,0,3.2,1.6,4.2,0,0,1,287.2173913,236.6913043,231.5217391
20.3,27.5,16.4,1014,72,0,2.6,0,5.4,0,0,1,262.4166667,208.5875,209.625
22.5,27.2,15.9,1013.5,66,0,3.2,2.2,5.4,0,0,1,242.1666667,184.2625,181.9166667
23.6,27.2,16.7,1012.5,53,0,2.9,3.1,5.4,0,0,1,189.75,127.1666667,127.7083333
20.8,26.2,15.5,1013.5,62.8,0,3.2,1.6,4.2,0,0,1,253.375,203.2208333,206.7916667
20.8,26.2,15.5,1013.5,62.8,0,3.2,1.6,4.2,0,0,1,228.45,193.25,194.38
20.8,26.2,15.5,1013.5,62.8,0,3.2,1.6,4.2,0,0,1,228.45,193.25,194.38
20.8,27,13.8,1011.6,59,0,3.5,0.9,3.5,0,0,1,228.45,193.25,194.38
22.9,27.3,15.4,1010.7,44,0,3.7,0.9,3.5,0,0,1,260.4166667,201.9083333,199.9166667
20.8,26.2,15.5,1013.5,62.8,0,3.2,1.6,4.2,0,0,1,243.875,187.1916667,183.9583333
20,25,14.8,1012.1,63,0,2.7,2.2,5.4,0,0,1,222.875,171.225,176.2916667
20.8,26.2,15.5,1013.5,62.8,0,3.2,1.6,4.2,0,0,1,208.625,146.8416667,141.875
20.8,26.2,15.5,1013.5,62.8,0,3.2,1.6,4.2,0,0,1,185.4166667,121.2041667,120.875
20.8,26.2,15.5,1013.5,62.8,0,3.2,1.6,4.2,0,0,1,197.5416667,140.0125,139.375
20.8,26.2,15.5,1013.5,62.8,0,3.2,1.6,4.2,0,0,1,230.3333333,177.1958333,177.5
20.8,26.2,15.5,1013.5,62.8,0,3.2,1.6,4.2,0,0,1,224.1666667,171.7625,172.375
20.8,26.2,15.5,1013.5,62.8,0,3.2,1.6,4.2,0,0,1,297.625,248.7333333,254.4166667
20.8,26.2,15.5,1013.5,62.8,0,3.2,1.6,4.2,0,0,1,339.0416667,292.125,289.4166667
20.8,26.2,15.5,1013.5,62.8,0,3.2,1.6,4.2,0,0,1,245.9166667,189.975,183.5
20.8,26.2,15.5,1013.5,62.8,0,3.2,1.6,4.2,0,0,1,256.2916667,205.2875,206.2083333
20.8,26.2,15.5,1013.5,62.8,0,3.2,1.6,4.2,0,0,1,245.75,193.3,193.9166667
20.8,26.2,15.5,1013.5,62.8,0,3.2,1.6,4.2,0,0,1,260.9166667,210.1916667,210.5416667
20.8,26.2,15.5,1013.5,62.8,0,3.2,1.6,4.2,0,0,1,261.625,211.6041667,213.4166667
20.8,26.2,15.5,1013.5,62.8,0,3.2,1.6,4.2,0,0,1,256.375,204.8,159.5833333
22.3,29.4,14.4,1017.2,57,0,3.9,0,4.2,0,0,1,300.5,243.1958333,247.8333333
20.8,26.2,15.5,1013.5,62.8,0,3.2,1.6,4.2,0,0,1,281.875,228.8916667,225.5416667
21.7,27,17.1,1013.8,67,0,3.9,0,4.2,0,0,1,328.9166667,285.6708333,285.75
22.4,27.8,16.7,1013.2,64,0,3.5,1.5,3.5,0,0,1,250.4583333,199.7708333,192.2083333
20.8,26.2,15.5,1013.5,62.8,0,3.2,1.6,4.2,0,0,1,208.3333333,141.625,140.8333333
20.8,26.2,15.5,1013.5,62.8,0,3.2,1.6,4.2,0,0,1,188.4166667,125.5875,125.7083333
20.8,26.2,15.5,1013.5,62.8,0,3.2,1.6,4.2,0,0,1,223.7083333,167.8291667,177.0833333
20.1,27.4,15,1014.9,60,0,3.5,1.3,3.5,0,0,1,259.4166667,207.8166667,200.75
23.7,29.4,18.5,1011.2,58,0.51,3.8,1.3,3.8,0,0,1,227.2916667,170.9125,171.4583333
23.7,29.4,18.5,1011.2,58,0.51,3.8,1.3,3.8,0,0,1,278.75,228.9291667,232.625
23.7,29.4,18.5,1011.2,58,0.51,3.8,1.3,3.8,0,0,1,230.5833333,173.4541667,170.3333333
26.1,32,16,1012,37,0,4.3,1.3,3.5,0,0,1,186.4166667,120.9375,120.3333333
23.8,31,19.4,1010.3,54,0,3.7,0,3.5,0,0,1,219.4166667,162.7833333,162.4583333
23.7,29.4,18.5,1011.2,58,0.51,3.8,1.3,3.8,0,0,1,187.2083333,122.2791667,122.5833333
23.7,29.4,18.5,1011.2,58,0.51,3.8,1.3,3.8,0,0,1,213.875,156.3125,153.3333333
23.7,29.4,18.5,1011.2,58,0.51,3.8,1.3,3.8,0,0,1,204.9583333,144.3916667,146.8333333
23.7,29.4,18.5,1011.2,58,0.51,3.8,1.3,3.8,0,0,1,294.125,245.4583333,248.1666667
23.7,29.4,18.5,1011.2,58,0.51,3.8,1.3,3.8,0,0,1,237,184.9625,181.375
23.7,29.4,18.5,1011.2,58,0.51,3.8,1.3,3.8,0,0,1,187.0416667,123.5291667,122.875
23.7,29.4,18.5,1011.2,58,0.51,3.8,1.3,3.8,0,0,1,220.0833333,163.5583333,167.9166667
23.7,29.4,18.5,1011.2,58,0.51,3.8,1.3,3.8,0,0,1,273.125,220.6666667,218.0416667
23.7,29.4,18.5,1011.2,58,0.51,3.8,1.3,3.8,0,0,1,246.8333333,190.6083333,137.4166667
23.7,29.4,18.5,1011.2,58,0.51,3.8,1.3,3.8,0,0,1,230.5833333,178.875,211.5416667
23.7,29.4,18.5,1011.2,58,0.51,3.8,1.3,3.8,0,0,1,239.2083333,186.2666667,186.5833333
23.7,29.4,18.5,1011.2,58,0.51,3.8,1.3,3.8,0,0,1,261,209.0291667,210.8333333
23.7,29.4,18.5,1011.2,58,0.51,3.8,1.3,3.8,0,0,1,311.5,261.5833333,265.1666667
23.7,29.4,18.5,1011.2,58,0.51,3.8,1.3,3.8,0,0,1,228.0833333,172.375,179.7916667
23.7,29.4,18.5,1011.2,58,0.51,3.8,1.3,3.8,0,0,1,171.2916667,94.85,93.70833333
23.7,29.4,18.5,1011.2,58,0.51,3.8,1.3,3.8,0,0,1,164.5,81.5625,117.5416667
23.7,27.9,18.4,1011.9,58,0.51,4,0,3.8,0,0,1,164.5,100,220.625
23.7,29.4,18.5,1011.2,58,0.51,3.8,1.3,3.8,0,0,1,164.5,138.28,2.541666667
23.7,29.4,18.5,1011.2,58,0.51,3.8,1.3,3.8,0,0,1,236.5833333,138.28,91.55
22.2,29.8,15.6,1010.3,41,0,4.8,0.9,3.5,0,0,1,236.5833333,138.28,179.8333333
23.7,29.4,18.5,1011.2,58,0.51,3.8,1.3,3.8,0,0,1,236.5833333,155,179.8333333
23.7,29.4,18.5,1011.2,58,0.51,3.8,1.3,3.8,0,0,1,236.5833333,178.0416667,179.8333333
26.7,31.5,17.9,1011.3,37,0,3.9,0.9,3.5,5,6,1,232.8333333,175.5125,182.2916667
27.2,33.2,18,1009.2,47,0,3.7,1.9,3.5,5,6,1,243.4166667,180.0625,169.8333333
25.9,33.4,21.4,1007.1,67,0,4,0.9,3.5,5,6,1,175,101.1541667,100.0416667
25,30.1,20.1,1009.5,64.5,98.81,4.2,1.8,5.8,5,6,1,164.25,81.82083333,83.25
25,30.1,20.1,1009.5,64.5,98.81,4.2,1.8,5.8,5,6,1,143.1666667,55.75416667,53.29166667
25,30.1,20.1,1009.5,64.5,98.81,4.2,1.8,5.8,5,6,1,153.9583333,67.65833333,69
25,30.1,20.1,1009.5,64.5,98.81,4.2,1.8,5.8,5,6,1,180.4583333,112.1875,114.7083333
24.3,30.1,20.2,1008.7,63,0,3.9,1.9,3.5,5,6,1,178,108.4625,104.7916667
24.1,27.8,18.8,1007.6,72,0,4.3,1.9,3.5,5,6,1,153.4583333,67.79166667,68.625
24.6,32,19.8,1007,81,38.1,3.2,8.9,37,5,6,1,159.6666667,83.3,81.29166667
25,30.1,20.1,1009.5,64.5,98.81,4.2,1.8,5.8,5,6,1,122.6666667,45.57083333,47.54166667
25,30.1,20.1,1009.5,64.5,98.81,4.2,1.8,5.8,5,6,1,167.4583333,87.4,88.75
25,30.1,20.1,1009.5,64.5,98.81,4.2,1.8,5.8,5,6,1,166.5416667,90.4375,89
23.8,29.5,16,1013,40,0,4.5,1.1,3.5,5,6,1,161.2083333,79.85,81.25
22.9,29.8,16.3,1012.2,45,0,4.8,0.6,3.5,5,6,1,184.2083333,115.925,118.625
23,30,16,1010.1,43,0,4.2,0,5.8,5,6,1,208.9583333,141.3083333,140.8333333
25,30.1,20.1,1009.5,64.5,98.81,4.2,1.8,5.8,5,6,1,237.125,177.2166667,176.8333333
25,30.1,20.1,1009.5,64.5,98.81,4.2,1.8,5.8,5,6,1,157.25,71.9875,68
25,30.1,20.1,1009.5,64.5,98.81,4.2,1.8,5.8,5,6,1,175.4583333,102.6625,106.1666667
25,30.1,20.1,1009.5,64.5,98.81,4.2,1.8,5.8,5,6,1,145.3333333,62.47916667,59.625
23.1,28.9,18,1012.5,65,0,4.3,0,5.8,5,6,1,173.5,99.71666667,101.0416667
24.7,31.2,18.3,1011.1,61,0,4.7,1.5,3.5,5,6,1,178.5416667,107.775,109.75
27.1,30.7,20.7,1009.9,69,0,4.2,1.9,3.5,5,6,1,187.5833333,122.6291667,121.7916667
25,30.1,20.1,1009.5,64.5,98.81,4.2,1.8,5.8,5,6,1,188.375,121.8708333,121.9166667
25,30.1,20.1,1009.5,64.5,98.81,4.2,1.8,5.8,5,6,1,135.4583333,58.075,55.875
25,30.1,20.1,1009.5,64.5,98.81,4.2,1.8,5.8,5,6,1,157.375,74.5125,76.33333333
25,30.1,20.1,1009.5,64.5,98.81,4.2,1.8,5.8,5,6,1,163.1666667,79.1375,78
27.4,30.6,24.8,1009.4,79,0,4.3,3.3,3.5,5,6,1,145.7083333,57.20833333,55.70833333
26.9,30.1,25.5,1006.7,84,13.97,4,0.7,5.4,5,6,1,136.0833333,50.79583333,50.625
28.5,33.2,24.6,1007.3,77,0,4.7,4.4,7.6,5,6,1,97.125,33.40416667,31.29166667
25,30.1,20.1,1009.5,64.5,98.81,4.2,1.8,5.8,5,6,1,123.4166667,45.97083333,45.29166667
29.3,33.8,26,1006.4,71,0,5.1,6.3,9.4,9,7,0,96.625,33.29166667,33.875
28.9,32.4,26.5,1006,71,0,4.7,10.2,16.5,9,7,0,126.0416667,45.92083333,45.79166667
28,33.4,24.2,1006.6,74,7.11,4.8,5.2,7.6,9,7,0,111,39.55833333,40.20833333
28,32.7,23.4,1006.4,72.2,230.38,4.8,3.5,8.1,9,7,0,103.7916667,36.23333333,35.95833333
28,32.7,23.4,1006.4,72.2,230.38,4.8,3.5,8.1,9,7,0,121.625,45.15,1.125
28,32.7,23.4,1006.4,72.2,230.38,4.8,3.5,8.1,9,7,0,138.3333333,56.02916667,58.75
29.4,34,23,1006.5,75,0,4.8,2.6,5.4,9,7,0,145.5,68.74166667,67.58333333
29.8,34,26,1007.6,76,0,4.5,1.9,5.4,9,7,0,144.1666667,60.46666667,61.70833333
29.3,33.7,26.4,1006,77,0,4.8,0,5.4,9,7,0,158,69.15416667,68.91666667
28,32.7,23.4,1006.4,72.2,230.38,4.8,3.5,8.1,9,7,0,150.5,66.525,67.625
28,32.7,23.4,1006.4,72.2,230.38,4.8,3.5,8.1,9,7,0,160.5833333,73.99583333,74.20833333
28,32.7,23.4,1006.4,72.2,230.38,4.8,3.5,8.1,9,7,0,163.375,79.50416667,82
30.4,36.2,25.2,1007.7,52,0,5.3,0,8.1,9,7,0,196.5416667,128.1375,129.8333333
30.9,36.5,23,1007.5,43,0,4.8,0.6,3.5,9,7,0,217.4166667,153.8833333,149.9166667
28.6,34.5,23.6,1005.7,60,0,5.3,3.7,7.6,9,7,0,151.5833333,65.0875,63.25
28,32.7,23.4,1006.4,72.2,230.38,4.8,3.5,8.1,9,7,0,98.625,34.2125,34.54166667
28,32.7,23.4,1006.4,72.2,230.38,4.8,3.5,8.1,9,7,0,160.75,76.34166667,78.08333333
28,32.7,23.4,1006.4,72.2,230.38,4.8,3.5,8.1,9,7,0,144.125,63.4,61.41666667
26.1,33.4,22.2,1004.1,81,53.09,3.5,7.8,37,9,7,0,104.625,36.85416667,35.95833333
26.2,29.6,21.5,1005.9,76,1.52,4.2,3.7,7.6,9,7,0,114.6666667,40.87083333,41.79166667
24.8,28.3,23,1005.7,84,2.54,4.2,6.1,9.4,9,7,0,119.875,45.275,45.25
29.3,33,26.3,1000.7,78.5,240.54,4.9,2.1,5.8,7,6,0,60.04166667,16.525,17.16666667
29,31.8,27.5,998.5,83,5.59,4.5,2,5.4,14,8,0,56.33333333,15.30833333,15
28.6,32.2,26.9,998.2,89,21.08,3.9,3.5,5.4,14,8,0,57.875,15.93333333,16.625
28.1,30.2,26.5,998.3,88,41.15,3.7,1.9,5.4,14,8,0,93.58333333,32.82916667,33.33333333
28.8,31.5,26.4,1000.7,83,468.13,4.4,1.4,4.3,14,8,0,108.3333333,39.24583333,39.25
28.8,31.5,26.4,1000.7,83,468.13,4.4,1.4,4.3,14,8,0,84.70833333,27.64583333,27.79166667
28.8,31.5,26.4,1000.7,83,468.13,4.4,1.4,4.3,14,8,0,88.41666667,29.43333333,29.16666667
28.8,31.5,26.4,1000.7,83,468.13,4.4,1.4,4.3,14,8,0,97.08333333,33.5125,33.54166667
28.8,31.5,26.4,1000.7,83,468.13,4.4,1.4,4.3,14,8,0,100.125,34.775,34.45833333
28.8,31.5,26.4,1000.7,83,468.13,4.4,1.4,4.3,14,8,0,81.58333333,26.5875,26.83333333
28.8,31.5,26.4,1000.7,83,468.13,4.4,1.4,4.3,14,8,0,93.04166667,31.74166667,31.66666667
28.8,31.5,26.4,1000.7,83,468.13,4.4,1.4,4.3,14,8,0,98.79166667,34.14166667,35.04166667
28.8,31.5,26.4,1000.7,83,468.13,4.4,1.4,4.3,14,8,0,93.41666667,31.74583333,31.875
28.8,31.5,26.4,1000.7,83,468.13,4.4,1.4,4.3,14,8,0,83.16666667,27.1375,26.79166667
28.8,31.5,26.4,1000.7,83,468.13,4.4,1.4,4.3,14,8,0,75.375,23.67083333,19.54166667
30.7,34,27.3,1001.1,68,0,5,2,5.4,14,8,0,88.54166667,29.675,13.625
31.8,35.8,28,999.1,68,0,5.3,2,3.5,14,8,0,91.58333333,31.2375,31.375
31.4,35.4,27.5,998.7,74,7.37,5,0.6,3.5,14,8,0,81.41666667,26.6,102.25
28.8,31.5,26.4,1000.7,83,468.13,4.4,1.4,4.3,14,8,0,77.4,78.53708333,78.5705625
28.8,31.5,26.4,1000.7,83,468.13,4.4,1.4,4.3,14,8,0,51.29166667,13.4625,13.625
28.8,31.5,26.4,1000.7,83,468.13,4.4,1.4,4.3,14,8,0,71.25,21.8,22.20833333
27.2,28.3,25.9,1001.1,91,9.4,3.7,0.4,1.9,14,8,0,62.08333333,17.6125,16.83333333
29.2,32.6,26.2,1000.3,79,4.32,4.7,0,1.9,14,8,0,60.95833333,16.975,17.25
27.7,31.3,26,999.1,86,24.38,3.7,1.1,3.5,14,8,0,64.95833333,18.75416667,18.875
28.8,31.5,26.4,1000.7,83,468.13,4.4,1.4,4.3,14,8,0,67.83333333,20.55833333,20.75
28.8,31.5,26.4,1000.7,83,468.13,4.4,1.4,4.3,14,8,0,95.45833333,32.875,33.16666667
28.8,31.5,26.4,1000.7,83,468.13,4.4,1.4,4.3,14,8,0,89.16666667,29.78333333,29.91666667
30.2,33.4,24.9,1003,77,0,5.5,2.4,3.5,14,8,0,100.9166667,35.175,35.29166667
31.6,35,27,1003.7,71,0,5.6,0.6,3.5,14,8,0,122.1666667,46.18333333,46.5
29.8,32.4,27.5,1003.6,81,9.14,5,0,4.3,14,8,0,117.9583333,44.11666667,44.29166667
28.8,31.5,26.4,1000.7,83,468.13,4.4,1.4,4.3,14,8,0,138.875,60.4125,60.75
28.8,31.5,26.4,1000.7,83,468.13,4.4,1.4,4.3,14,8,0,124,50.1375,49.25
30.4,33.6,28.2,1001.5,78,0,4.5,1.1,3.5,19,9,0,106.0833333,37.25,37.58333333
28.8,33.4,27.2,1000.6,89,31.24,4,0,3.5,19,9,0,119.25,44.2875,41.75
29,33.4,26.7,998,86,122.94,4.3,0.6,3.5,19,9,0,133.1666667,53.54166667,8.75
29.2,32.4,26.8,1002.1,82.2,574.3,4.6,1,4.3,19,9,0,104.375,37.25416667,37.20833333
29.2,32.4,26.8,1002.1,82.2,574.3,4.6,1,4.3,19,9,0,73.375,22.7125,22.91666667
29.2,32.4,26.8,1002.1,82.2,574.3,4.6,1,4.3,19,9,0,104.5833333,37.0625,36.83333333
29.4,32.4,26,1004.1,78,5.08,5.1,0.7,3.5,19,9,0,84.58333333,27.8625,27.875
30.8,34.2,28.4,1003.4,73,0,5,1.1,3.5,19,9,0,105.6666667,37.49166667,37.625
29.3,33.8,28,1003.4,81,1.02,5.1,2.8,5.4,19,9,0,89.79166667,30.38333333,30.16666667
29.2,32.4,26.8,1002.1,82.2,574.3,4.6,1,4.3,19,9,0,76.625,24.29166667,24.20833333
29.2,32.4,26.8,1002.1,82.2,574.3,4.6,1,4.3,19,9,0,96.95833333,33.07916667,33.875
29.2,32.4,26.8,1002.1,82.2,574.3,4.6,1,4.3,19,9,0,84.91666667,28.00833333,28.20833333
27.7,31.6,25.6,1004.6,89,0.51,4.5,0.6,3.5,19,9,0,99.66666667,34.73333333,34.95833333
28.7,30.8,27.4,1004.7,86,19.56,4.7,0,4.3,19,9,0,125.0833333,48.08333333,50.66666667
28.5,32,26.7,1003.4,87,13.72,4.3,0,4.3,19,9,0,110.9166667,40.25833333,38.20833333
29.2,32.4,26.8,1002.1,82.2,574.3,4.6,1,4.3,19,9,0,148.3333333,63.7375,19.25
29.2,32.4,26.8,1002.1,82.2,574.3,4.6,1,4.3,19,9,0,122.875,45.77916667,45.83333333
29.2,32.4,26.8,1002.1,82.2,574.3,4.6,1,4.3,19,9,0,82.54166667,26.675,25.79166667
30.3,34,25.4,1004.4,70,0.25,5.5,2.8,5.4,19,9,0,68.5,20.95,21
30.6,33.5,27.5,1003.6,72,0,5.3,1.5,3.5,19,9,0,84.33333333,27.87916667,28
28.8,33.6,27.4,1002.3,87,17.78,4.5,0,4.3,19,9,0,111.625,41.425,43.91666667
29.2,32.4,26.8,1002.1,82.2,574.3,4.6,1,4.3,19,9,0,106.875,44.38333333,42.08333333
29.2,32.4,26.8,1002.1,82.2,574.3,4.6,1,4.3,19,9,0,77.79166667,24.49166667,24.125
29.2,32.4,26.8,1002.1,82.2,574.3,4.6,1,4.3,19,9,0,78.58333333,25.0125,17.5
29,32.5,27.2,1000.8,87,28.19,5,0,4.3,19,9,0,84.45833333,27.71666667,27.79166667
29.3,32.6,26,999.7,79,38.1,4.3,1.9,9.4,19,9,0,73.58333333,22.69166667,22.54166667
29.7,33.4,25.4,1001,77,10.67,4.8,2,3.5,19,9,0,64.95833333,18.98333333,18.91666667
29.2,32.4,26.8,1002.1,82.2,574.3,4.6,1,4.3,19,9,0,68.95833333,20.72083333,22.08333333
29.2,32.4,26.8,1002.1,82.2,574.3,4.6,1,4.3,19,9,0,83.5,27.33333333,27.79166667
29.2,32.4,26.8,1002.1,82.2,574.3,4.6,1,4.3,19,9,0,79.625,25.70416667,24.75
28.2,31.3,26.2,1004.4,89,29.21,4.5,0.7,3.5,19,9,0,86.125,28.35416667,28.66666667
28.7,30.8,25.6,1004.2,85,0,4.8,0,3.5,15,9,0,64.54166667,19.05833333,18.45833333
29.2,33,27,1002.1,77,0,5.1,1.1,3.5,15,9,0,70.41666667,21.7375,21.91666667
28.5,33.9,26.6,1003.6,84,3.05,4.5,1.5,3.5,15,9,0,78.20833333,25.0375,24.83333333
29.3,32.9,26.7,1004.9,81.3,383.03,4.6,1.2,4.7,15,9,0,85.125,28.2375,29.54166667
29.3,32.9,26.7,1004.9,81.3,383.03,4.6,1.2,4.7,15,9,0,119,42.7375,42.75
29.3,32.9,26.7,1004.9,81.3,383.03,4.6,1.2,4.7,15,9,0,141.125,54.325,54.45833333
30.4,34.8,28,1005.7,76,0,4.5,1.1,3.5,15,9,0,96.125,33.50833333,34.16666667
30.3,34.7,28,1006,76,0,4.8,2.8,5.4,15,9,0,74.04166667,22.82083333,21.08333333
29.7,32.4,27.8,1005.4,77,0,4.5,2,5.4,15,9,0,63.20833333,18.12083333,18.125
29.3,32.9,26.7,1004.9,81.3,383.03,4.6,1.2,4.7,15,9,0,73.04166667,22.9375,23.83333333
29.3,32.9,26.7,1004.9,81.3,383.03,4.6,1.2,4.7,15,9,0,128.0833333,54.99166667,55.29166667
29.3,32.9,26.7,1004.9,81.3,383.03,4.6,1.2,4.7,15,9,0,100.4166667,34.72916667,34.04166667
28.9,32.6,26.4,1006.8,83,7.37,4.3,0,4.7,15,9,0,120.75,44.57916667,44.79166667
29.3,32.5,27,1005.4,82,0,4.7,0,4.7,15,9,0,98.75,34.07083333,34.66666667
29.6,33.4,26.9,1004,79,0,5,0,4.7,15,9,0,131.5416667,55.60833333,57.125
29.3,32.9,26.7,1004.9,81.3,383.03,4.6,1.2,4.7,15,9,0,124.5833333,53.74583333,9.041666667
29.3,32.9,26.7,1004.9,81.3,383.03,4.6,1.2,4.7,15,9,0,117.6666667,43.775,42.95833333
29.3,32.9,26.7,1004.9,81.3,383.03,4.6,1.2,4.7,15,9,0,60.875,17.975,17.20833333
27.2,30,26.1,1002.2,91,12.7,4.2,1.7,7.6,15,9,0,57.41666667,15.87916667,16.625
28.6,31,26,1004.5,86,38.86,3.9,2.8,5.4,15,9,0,74.625,23.25833333,22.95833333
29.1,32.8,26,1005.2,79,2.29,5.3,1.9,3.5,15,9,0,83,27.35416667,27.83333333
29.3,32.9,26.7,1004.9,81.3,383.03,4.6,1.2,4.7,15,9,0,83.33333333,27.50833333,58.16666667
29.3,32.9,26.7,1004.9,81.3,383.03,4.6,1.2,4.7,15,9,0,90.79166667,91.3025,40.62
29.3,32.9,26.7,1004.9,81.3,383.03,4.6,1.2,4.7,15,9,0,81.01666667,82.43708333,78.02916667
30.4,33.9,28.6,1003.6,83,4.83,4,0,4.7,15,9,0,151.7916667,62.58333333,19.70833333
30.2,32.8,27.9,1004.5,84,0.25,4.3,0.9,3.5,15,9,0,162.5416667,77.42916667,80.33333333
28.5,32.5,27.8,1005.8,90,3.3,4.2,0,4.7,15,9,0,162.5,82.19583333,80.58333333
29.3,32.9,26.7,1004.9,81.3,383.03,4.6,1.2,4.7,15,9,0,98.29166667,40.44166667,36.83333333
29.3,32.9,26.7,1004.9,81.3,383.03,4.6,1.2,4.7,15,9,0,50.20833333,15.27083333,16.66666667
29.3,32.9,26.7,1004.9,81.3,383.03,4.6,1.2,4.7,15,9,0,103.3333333,36.11666667,36.375
27.2,32.5,25.5,1006.8,92,24.89,3.9,0.6,3.5,9,1,0,125.5416667,46.7875,47.29166667
29,33.2,25.4,1005.9,79,0,5,1.1,3.5,9,1,0,105.5416667,40.2875,42.08333333
30.1,35,26,1006.2,74,0,4.7,0.6,3.5,9,1,0,151.0833333,74.88333333,72.70833333
27.7,31.7,24.8,1006.9,79.4,349.75,4.3,2.3,6.3,9,1,0,119.875,45.15416667,2.041666667
27.7,31.7,24.8,1006.9,79.4,349.75,4.3,2.3,6.3,9,1,0,125.25,49.4625,47.83333333
27.7,31.7,24.8,1006.9,79.4,349.75,4.3,2.3,6.3,9,1,0,143.4166667,60.08333333,59.5
28.1,32.5,26.5,1006.5,81,1.78,4.2,1.5,3.5,9,1,0,70.45833333,21.25416667,21.16666667
28.3,31.9,26,1006,77,0.76,5.3,4.6,5.4,9,1,0,51.79166667,13.4125,13
27.1,29,25.8,1006.3,85,0.25,4,2.4,7.6,9,1,0,53,14.56666667,15
27.7,31.7,24.8,1006.9,79.4,349.75,4.3,2.3,6.3,9,1,0,86.125,28.325,29
27.7,31.7,24.8,1006.9,79.4,349.75,4.3,2.3,6.3,9,1,0,116.5416667,42.7875,43.83333333
27.7,31.7,24.8,1006.9,79.4,349.75,4.3,2.3,6.3,9,1,0,129.1666667,49.44583333,48.75
30.6,34,27.7,1003.9,70,0,4.8,0.9,5.4,9,1,0,75.5,23.75833333,22.70833333
30.8,33.6,27.2,1004,69,0,5,3.3,9.4,9,1,0,63.45833333,18.80416667,19.29166667
27.7,31.7,24.8,1006.9,79.4,349.75,4.3,2.3,6.3,9,1,0,133.625,66.30833333,70.5
27.7,31.7,24.8,1006.9,79.4,349.75,4.3,2.3,6.3,9,1,0,170.9166667,94.14583333,92.125
27.7,31.7,24.8,1006.9,79.4,349.75,4.3,2.3,6.3,9,1,0,165.0833333,83.725,84.58333333
29.3,32.2,26.5,1006.7,75,0,4.7,2.4,7.6,9,1,0,115.4166667,54.05416667,50.16666667
27.7,31.7,24.8,1006.9,79.4,349.75,4.3,2.3,6.3,9,1,0,79.66666667,27.7125,27.33333333
27.7,31.7,24.8,1006.9,79.4,349.75,4.3,2.3,6.3,9,1,0,55.33333333,14.78333333,14.66666667
27.7,31.7,24.8,1006.9,79.4,349.75,4.3,2.3,6.3,9,1,0,44.54166667,10.975,10.70833333
24.6,28.5,22,1006.7,87,0.76,4.3,0,6.3,9,1,0,68.875,22.49166667,24.5
27.7,31.7,24.8,1006.9,79.4,349.75,4.3,2.3,6.3,9,1,0,137.5833333,56.25833333,56.875
27.7,31.7,24.8,1006.9,79.4,349.75,4.3,2.3,6.3,9,1,0,156.9166667,72.82916667,73.5
27.7,31.7,24.8,1006.9,79.4,349.75,4.3,2.3,6.3,9,1,0,171.6666667,94.95,96.625
27.7,31.7,24.8,1006.9,79.4,349.75,4.3,2.3,6.3,9,1,0,155,70.8,71.25
27.7,31.7,24.8,1006.9,79.4,349.75,4.3,2.3,6.3,9,1,0,169.5833333,91.325,90.91666667
25.9,30,21.4,1012,70,0,3.7,0,6.3,9,1,0,163.8333333,80.19166667,79.83333333
24.9,30.4,20.5,1013.8,71,0,3.9,0,6.3,9,1,0,165.9583333,85.02083333,84.125
27.7,31.7,24.8,1006.9,79.4,349.75,4.3,2.3,6.3,9,1,0,139.52,78.1,51.525
27.7,31.7,24.8,1006.9,79.4,349.75,4.3,2.3,6.3,9,1,0,71.40833333,73.48541667,69.14583333
25.1,30.5,20,1013.1,69,0,4,1.9,3.5,3,0,0,126.9583333,49.6,50.58333333
26.2,31.1,21,1011,66,0,4,0.9,5.4,3,0,0,136.4583333,61.8375,62.95833333
24.6,31.8,20.4,1011.3,72,0,4.2,1.3,7.6,3,0,0,142.5,67.45,65.33333333
25.4,30.3,20.6,1011,64,5.85,4.3,1.6,5.4,3,0,0,117.7916667,45.53333333,44.5
25.4,30.3,20.6,1011,64,5.85,4.3,1.6,5.4,3,0,0,117.5416667,42.5875,43.375
25.4,30.3,20.6,1011,64,5.85,4.3,1.6,5.4,3,0,0,139.5416667,59.425,60.41666667
28,32.4,22,1011.2,55,0,4.8,0.9,3.5,3,0,0,138.3333333,59.94583333,60.83333333
25.7,32,21.6,1010.6,64,0,4.7,1.1,3.5,3,0,0,131.8333333,59.08333333,57.08333333
25.7,31.2,21.2,1010.4,67,0,4.5,0.6,3.5,3,0,0,148.7083333,68.56666667,72.79166667
25.4,30.3,20.6,1011,64,5.85,4.3,1.6,5.4,3,0,0,141.2083333,73.31666667,71.16666667
25.4,30.3,20.6,1011,64,5.85,4.3,1.6,5.4,3,0,0,149.4583333,75.35833333,75.5
25.4,30.3,20.6,1011,64,5.85,4.3,1.6,5.4,3,0,0,157,81.4,80.54166667
27.2,32.8,21.6,1008.8,53,0,5.1,1.1,3.5,3,0,0,144.7083333,60.14583333,60.95833333
26.3,30.6,21.6,1009.6,63,0,4.5,0,3.5,3,0,0,134.4166667,54.32083333,52.16666667
23.6,27.2,21.4,1011.3,78,3.56,3.4,0.9,3.5,3,0,0,134.75,53.98333333,53.5
25.4,30.3,20.6,1011,64,5.85,4.3,1.6,5.4,3,0,0,85,28.26666667,28
25.4,30.3,20.6,1011,64,5.85,4.3,1.6,5.4,3,0,0,86.125,30.06666667,31.95833333
25.4,30.3,20.6,1011,64,5.85,4.3,1.6,5.4,3,0,0,122.2916667,46.3125,46.70833333
26.4,31.4,21,1011.1,69,0,4.5,0,5.4,3,0,0,152.2083333,70.12916667,71.04166667
26.3,30.7,20.5,1011.3,61,0,4.5,1.1,3.5,3,0,0,181.2916667,110.4041667,115.1666667
23.9,29,20.2,1010.7,53,0,4.5,3.9,9.4,3,0,0,209.875,147.175,142.125
25.4,30.3,20.6,1011,64,5.85,4.3,1.6,5.4,3,0,0,182.0416667,115.4708333,118.4166667
25.4,30.3,20.6,1011,64,5.85,4.3,1.6,5.4,3,0,0,228.0833333,176.4833333,177.6666667
25.4,30.3,20.6,1011,64,5.85,4.3,1.6,5.4,3,0,0,206.0833333,148.1708333,147.0833333
21.8,28.7,19,1013.6,62,0,3.9,3,9.4,3,0,0,206.5833333,149.3083333,147.6666667
25.4,30.3,20.6,1011,64,5.85,4.3,1.6,5.4,3,0,0,204.625,145.5833333,145.8333333
25.4,30.3,20.6,1011,64,5.85,4.3,1.6,5.4,3,0,0,192.7916667,128.6541667,127.7916667
22.3,28,17.3,1012.7,62,0,2.9,0,5.4,3,0,0,291.0416667,241.325,248.8333333
25.4,30.3,20.6,1011,64,5.85,4.3,1.6,5.4,3,0,0,299.0416667,246.45,241.5
23.4,28.3,18.4,1011.9,56,0,3.7,0.9,3.5,3,0,0,212,152.4666667,148.6666667
21.2,27.2,16.7,1013.1,72,0,3.1,0,5.4,3,0,7,194.5416667,130.9208333,129.1666667
22.8,28.9,17.2,1012.9,63,0,3.9,1.1,5.4,3,0,7,203.0833333,138.0958333,138.25
22.3,28.5,18,1012.5,56,0,4.2,0,4.4,3,0,7,169.375,105.5666667,104.9583333
21.6,26.5,17.1,1013.6,73.6,33.01,3,0.5,4.4,3,0,7,186.3333333,118.3458333,116.0833333
21.6,26.5,17.1,1013.6,73.6,33.01,3,0.5,4.4,3,0,7,196.7916667,132.1125,134.1666667
21.6,26.5,17.1,1013.6,73.6,33.01,3,0.5,4.4,3,0,7,186.9166667,122.9041667,122.7916667
23.4,28.6,16.5,1011.2,62,0,4.2,0,4.4,3,0,7,186.7083333,120.8875,119.4583333
22.7,25.6,20.4,1012.1,69,0,3.9,0,4.4,3,0,7,164.8333333,86.74583333,87.58333333
21,22.8,18.7,1011.9,94,9.14,3.2,2,7.6,3,0,7,104.6666667,46.7,42.125
21.6,26.5,17.1,1013.6,73.6,33.01,3,0.5,4.4,3,0,7,50.75,13.77916667,14.20833333
21.6,26.5,17.1,1013.6,73.6,33.01,3,0.5,4.4,3,0,7,89.91666667,32.83333333,35.125
21.6,26.5,17.1,1013.6,73.6,33.01,3,0.5,4.4,3,0,7,161.9166667,78.83333333,83.25
23.7,28.7,19.2,1013.5,81,0,1.9,0,4.4,3,0,7,259.3333333,202.5791667,208.3333333
23.1,28.6,17.4,1014.7,64,0,3.2,0,4.4,3,0,7,265.5833333,206.4791667,203.125
24.1,27.2,16.2,1014.8,53,0,3.7,1.9,3.5,3,0,7,218.875,159.4583333,155.4166667
21.6,26.5,17.1,1013.6,73.6,33.01,3,0.5,4.4,3,0,7,204.625,145.7333333,149
21.6,26.5,17.1,1013.6,73.6,33.01,3,0.5,4.4,3,0,7,244.9583333,191.2166667,187.5833333
21.6,26.5,17.1,1013.6,73.6,33.01,3,0.5,4.4,3,0,7,186.125,122.0166667,120.875
21.6,26.5,17.1,1013.6,73.6,33.01,3,0.5,4.4,3,0,7,190.5833333,130.2125,133.4583333
20.3,25.2,15.6,1017.7,83,0,1.6,0,4.4,3,0,7,210.875,155.6458333,154.4166667
21.6,26.1,15.8,1016.6,70,0,2.3,0,4.4,3,0,7,209.75,154.075,154.0416667
20.7,27.2,16,1015.1,80,0,2.7,0,4.4,3,0,7,203.6666667,141.5541667,143.7083333
21.6,26.5,17.1,1013.6,73.6,33.01,3,0.5,4.4,3,0,7,214.9583333,156.8916667,156.9583333
21.6,26.5,17.1,1013.6,73.6,33.01,3,0.5,4.4,3,0,7,239.3333333,184.8333333,182.625
21.6,26.5,17.1,1013.6,73.6,33.01,3,0.5,4.4,3,0,7,215.125,156.9208333,155.0416667
22.4,26.3,17.8,1012.7,68,0,3.2,1.5,3.5,3,0,7,214,159.8291667,162.125
21.6,26.5,17.1,1013.6,73.6,33.01,3,0.5,4.4,3,0,7,227.9583333,175.3083333,176.5
19.1,24.6,16.2,1014.2,84,0,1.9,1.9,3.5,3,0,7,232.4583333,182.275,182.5
21.7,27,15.3,1014.2,70,0,2.9,0,4.4,3,0,7,223.9583333,165.8875,164.5833333
21.6,26.5,17.1,1013.6,73.6,33.01,3,0.5,4.4,3,0,7,195.3333333,128.5583333,125
21.6,26.5,17.1,1013.6,73.6,33.01,3,0.5,4.4,3,0,7,203.5,141.3916667,143.3333333
17.1,23.1,12.3,1012.5,67.5,0,2.4,1.3,4.6,0,0,9,206.6956522,148.3869565,150.173913
17.1,23.1,12.3,1012.5,67.5,0,2.4,1.3,4.6,0,0,9,215,164.7,149
17.1,23.1,12.3,1012.5,67.5,0,2.4,1.3,4.6,0,0,9,224.3333333,172.2291667,169.0416667
18.6,24.6,14.2,1011.8,48,0,3.2,3.5,9.4,0,0,9,203.5833333,147.5625,146.1666667
15.7,21.8,10.5,1013.4,69,0,2.7,3.5,5.4,0,0,9,227.9583333,177.7333333,182.0833333
16.3,22.5,11.5,1011.5,78,0,1.9,2,3.5,0,0,9,268,218.08,75.34
17.1,23.1,12.3,1012.5,67.5,0,2.4,1.3,4.6,0,0,9,133.7272727,88.19090909,204.8181818
17.1,23.1,12.3,1012.5,67.5,0,2.4,1.3,4.6,0,0,9,250.2083333,198.4625,195.7916667
17.1,23.1,12.3,1012.5,67.5,0,2.4,1.3,4.6,0,0,9,263.7083333,213.6458333,218.0416667
17.1,23.1,12.3,1012.5,67.5,0,2.4,1.3,4.6,0,0,9,308.4583333,258.225,256.9583333
17.1,23.1,12.3,1012.5,67.5,0,2.4,1.3,4.6,0,0,9,300.125,250.0166667,248.7083333
15.7,20.5,11.5,1013.3,82,0,1.3,0,4.6,0,0,9,300.4583333,250.2125,253.5833333
14.6,18.9,12.4,1013.8,88,0,0.8,1.5,5.4,0,0,9,333.875,283.8791667,280.5416667
15.7,22.2,10.6,1012.9,82,0,1.4,0.9,3.5,0,0,9,268.7083333,218.8083333,217.9166667
17.1,23.1,12.3,1012.5,67.5,0,2.4,1.3,4.6,0,0,9,265.2916667,210.575,207.5833333
17.1,23.1,12.3,1012.5,67.5,0,2.4,1.3,4.6,0,0,9,272.5,222.3208333,221.875
17.1,23.1,12.3,1012.5,67.5,0,2.4,1.3,4.6,0,0,9,222.4583333,164.9541667,160.5833333
17.1,23.1,12.3,1012.5,67.5,0,2.4,1.3,4.6,0,0,9,214.125,155.3375,156.375
17.1,23.1,12.3,1012.5,67.5,0,2.4,1.3,4.6,0,0,9,213.375,152.9333333,153.5416667
17.1,23.1,12.3,1012.5,67.5,0,2.4,1.3,4.6,0,0,9,263.6666667,209.325,211.9583333
17.1,23.1,12.3,1012.5,67.5,0,2.4,1.3,4.6,0,0,9,276.0416667,225.2416667,220.4583333
17.1,23.1,12.3,1012.5,67.5,0,2.4,1.3,4.6,0,0,9,254.125,200.5,200.2083333
17.1,23.1,12.3,1012.5,67.5,0,2.4,1.3,4.6,0,0,9,287.1666667,232.5375,235.125
17.1,23.1,12.3,1012.5,67.5,0,2.4,1.3,4.6,0,0,9,254.0416667,199.9041667,194.125
20.3,25.7,13.8,1011.2,47,0,3.5,0,4.6,0,0,9,189.75,127.35,126.5833333
17.1,22.3,13,1012.3,63,0,3.4,2.4,5.4,0,0,9,209.125,153.6125,153.7083333
17.1,24.2,11.5,1013.3,57,0,2.9,1.5,5.4,0,0,9,226.7083333,171.7958333,176.6666667
17.1,23.1,12.3,1012.5,67.5,0,2.4,1.3,4.6,0,0,9,284.3333333,230.3291667,233.9583333
17.1,23.1,12.3,1012.5,67.5,0,2.4,1.3,4.6,0,0,9,321,281.1333333,276.9583333
17.1,23.1,12.3,1012.5,67.5,0,2.4,1.3,4.6,0,0,9,265.0416667,210.4708333,157.5833333
20.7,25.5,14.4,1011.2,59,0,2.6,0.7,3.5,1,1,4,239.375,188.0333333,194.625
20.8,25.8,17.6,1011.8,73,0,1.3,0,5.6,1,1,4,336.125,288.6041667,285.7083333
20.1,25.5,16,1012.5,79,0,1.1,0,5.6,1,1,4,327.0416667,278.8666667,284.7083333
23.4,29.2,18.3,1012.5,57,20.32,3.3,1.4,5.6,1,1,4,280,226.3458333,216.125
23.4,29.2,18.3,1012.5,57,20.32,3.3,1.4,5.6,1,1,4,193.0416667,126.7041667,133.4583333
23.4,29.2,18.3,1012.5,57,20.32,3.3,1.4,5.6,1,1,4,284,233.3166667,228
23.4,29.2,18.3,1012.5,57,20.32,3.3,1.4,5.6,1,1,4,322.125,283.15,281
23.4,29.2,18.3,1012.5,57,20.32,3.3,1.4,5.6,1,1,4,180.5416667,112.7041667,109.8333333
23.1,28.6,17.6,1011.4,54,0,3.2,0.9,3.5,1,1,4,189.5833333,121.5333333,125
23.6,28.5,20.4,1014.3,46,0,2.7,1.9,3.5,1,1,4,182.2916667,115.1333333,114.0416667
22.2,27.8,18.2,1016.2,36,0,3.4,0.7,5.4,1,1,4,179.125,109.7833333,109
23.4,29.2,18.3,1012.5,57,20.32,3.3,1.4,5.6,1,1,4,204.2083333,144.875,145.6666667
23.4,29.2,18.3,1012.5,57,20.32,3.3,1.4,5.6,1,1,4,193.6666667,133.7041667,132
23.4,29.2,18.3,1012.5,57,20.32,3.3,1.4,5.6,1,1,4,178.125,107.6458333,107.5
22.3,27.8,17.8,1017.2,47,0,4.3,2.2,5.4,1,1,4,191.3333333,123.2083333,123.3333333
22.4,28.2,16.8,1014.8,47,0,4.2,2.6,5.4,1,1,4,192.7916667,126.9125,127.0833333
22.3,28.3,16.1,1011,56,0,4,1.1,5.4,1,1,4,213.75,154.4166667,157.0833333
23.4,29.2,18.3,1012.5,57,20.32,3.3,1.4,5.6,1,1,4,266.8333333,210.9333333,210.7916667
23.4,29.2,18.3,1012.5,57,20.32,3.3,1.4,5.6,1,1,4,222.7083333,168.0125,166.7083333
23.4,29.2,18.3,1012.5,57,20.32,3.3,1.4,5.6,1,1,4,264,208.6125,215.0416667
24.8,31.1,19.3,1009.6,62,0,3.5,1.1,5.4,1,1,4,226.75,173.5916667,172.625
25,31,20,1009.2,58,0,3.9,0.9,3.5,1,1,4,224.125,166.6,166
25.3,31.6,19.3,1010.4,66,0,3.5,0.6,3.5,1,1,4,215.5416667,160.1791667,162.7083333
23.4,29.2,18.3,1012.5,57,20.32,3.3,1.4,5.6,1,1,4,184.1666667,116.225,115.0833333
23.4,29.2,18.3,1012.5,57,20.32,3.3,1.4,5.6,1,1,4,212.0833333,148.4125,147.2083333
23.4,29.2,18.3,1012.5,57,20.32,3.3,1.4,5.6,1,1,4,160.0833333,74.85,73.25
25.3,31,19,1010.8,71,0,3.9,0.9,3.5,1,1,4,177.5833333,107.2041667,107.9166667
25.8,31.8,20.4,1010.3,57,0,4.3,1.3,3.5,1,1,4,173.6666667,99.28333333,100.4166667
25.9,31.5,20.4,1009.7,58,0,3.7,0.7,5.4,2,0,0,188.2916667,125.0833333,127.2916667
26.7,32.6,20.8,1007.8,56,0,3.9,1.9,9.4,2,0,0,221.4166667,162.8875,163.5416667
27.4,33.8,22,1005.6,63,0,3.7,2.8,5.4,2,0,0,168.4583333,87.31666667,84
27.3,33.3,21.7,1009.1,56.9,17.27,4.4,2,5.7,2,0,0,166.2083333,84.92916667,85
27.3,33.3,21.7,1009.1,56.9,17.27,4.4,2,5.7,2,0,0,160.125,76.05,75.70833333
27.3,33.3,21.7,1009.1,56.9,17.27,4.4,2,5.7,2,0,0,179.7916667,105.6666667,110.0833333
26.2,32.3,19.6,1011.6,35,0,4.7,2.8,5.4,2,0,0,181.9166667,108.5666667,105.0416667
26.5,32,17.5,1011.4,39,0,4.5,1.9,5.4,2,0,0,175.2916667,101.675,102.0833333
25.6,32.2,19.8,1010.2,50,0,4.5,2,5.4,2,0,0,191.5833333,125.4,128.75
27.3,33.3,21.7,1009.1,56.9,17.27,4.4,2,5.7,2,0,0,222.5416667,156.8791667,155.9583333
27.3,33.3,21.7,1009.1,56.9,17.27,4.4,2,5.7,2,0,0,267.4583333,211.2666667,213.625
27.3,33.3,21.7,1009.1,56.9,17.27,4.4,2,5.7,2,0,0,215.7916667,145.2916667,96.20833333
26.5,34.2,22,1009.2,61,0,4.3,2.4,5.4,2,0,0,156.375,66.07083333,64
27.6,34.2,21.6,1008.3,69,0,4.5,1.9,5.4,2,0,0,188.875,120.5125,123.1666667
28.2,34.4,23.7,1007.8,62,0.51,4.2,1.5,5.4,2,0,0,165.625,83.925,81.16666667
27.3,33.3,21.7,1009.1,56.9,17.27,4.4,2,5.7,2,0,0,144.7083333,62.95416667,64.20833333
27.3,33.3,21.7,1009.1,56.9,17.27,4.4,2,5.7,2,0,0,168.3333333,88.0125,89.625
27.3,33.3,21.7,1009.1,56.9,17.27,4.4,2,5.7,2,0,0,188.9166667,123.0375,125.0416667
27.8,34.4,22.8,1010.7,55,0,3.7,1.5,5.4,2,0,0,200.125,138.1125,136.0416667
27.1,34,20.5,1009.1,40,0,4.3,1.1,5.4,2,0,0,178.375,108.2083333,108.9583333
28.8,34.6,21.5,1008.5,42,0,4.5,2,5.4,2,0,0,161.0952381,106.8238095,106.047619
27.3,33.3,21.7,1009.1,56.9,17.27,4.4,2,5.7,2,0,0,217.7083333,156.8625,155.0416667
27.3,33.3,21.7,1009.1,56.9,17.27,4.4,2,5.7,2,0,0,193.375,124.7208333,33
27.3,33.3,21.7,1009.1,56.9,17.27,4.4,2,5.7,2,0,0,159.8636364,77.72272727,30.45454545
28.3,34.5,16.2,1011.1,65,1.52,4.5,1.9,3.5,2,0,0,190.625,123.7291667,125.7083333
27.2,33.5,23,1010,66,0,4.2,2.8,9.4,2,0,0,120.9545455,49.56363636,44.45454545
27.4,33.9,22.2,1008.5,69,0,4.5,2,5.4,2,0,0,167.3478261,88.2826087,40.73913043
27.3,33.3,21.7,1009.1,56.9,17.27,4.4,2,5.7,2,0,0,114.7619048,40.88571429,40.14285714
27.3,33.3,21.7,1009.1,56.9,17.27,4.4,2,5.7,2,0,0,154.4583333,69.4375,65.375
27.3,33.3,21.7,1009.1,56.9,17.27,4.4,2,5.7,2,0,0,82.19047619,5.580952381,44.95238095
24.2,28.9,18,1009.6,68,13.72,4.8,3.7,11.1,2,0,0,120.4583333,45.93333333,75
27.5,34,20.5,1009.4,52,0,5.1,5,27.8,10,13,0,104.4,29.59,33.1
26.1,30,21.4,1009.9,67,0,4,2,5.4,10,13,0,159.4583333,80.26666667,81
28.5,34.2,24.2,1008.3,55,0,5,1.3,3.5,10,13,0,127.9473684,69.2,68.15789474
27.4,33,22.1,1007.8,67.6,331.46,4.6,3.2,10,10,13,0,152.173913,99.05652174,102.2608696
27.4,33,22.1,1007.8,67.6,331.46,4.6,3.2,10,10,13,0,156.55,88.87,81.45
27.4,33,22.1,1007.8,67.6,331.46,4.6,3.2,10,10,13,0,85.9,3.99,4.1
26.7,32,22.2,1009.5,70,6.1,4,3.1,13,10,13,0,128.9565217,52.22608696,39.2173913
27.3,32.7,22.4,1010.8,69,5.33,4.2,0,13,10,13,0,147.9090909,71.44090909,21.36363636
30.4,33.6,22.3,1010.5,55,0,4.5,1.1,5.4,10,13,0,167.173913,86.6826087,39.52173913
27.4,33,22.1,1007.8,67.6,331.46,4.6,3.2,10,10,13,0,83,7.205263158,7.105263158
27.4,33,22.1,1007.8,67.6,331.46,4.6,3.2,10,10,13,0,51.3,20.71,23.6
27.4,33,22.1,1007.8,67.6,331.46,4.6,3.2,10,10,13,0,81.61904762,3.9,14.84761905
28.6,32.8,21.4,1008.2,62,0,5.1,2.8,5.4,10,13,0,85.40909091,8.622727273,9.681818182
26.5,34.1,22,1007.4,75,42.42,4.2,4.1,14.8,10,13,0,44.45,17.08,18.8
27.9,34.4,21,1008,65,0,4.7,0,10,10,13,0,95.0952381,20,18.37142857
27.4,33,22.1,1007.8,67.6,331.46,4.6,3.2,10,10,13,0,95.72727273,21.81363636,171.5
27.4,33,22.1,1007.8,67.6,331.46,4.6,3.2,10,10,13,0,141.6666667,61.79583333,69
27.4,33,22.1,1007.8,67.6,331.46,4.6,3.2,10,10,13,0,156.5217391,79.67826087,34.39130435
27.2,32.4,21.2,1005.6,74,2.03,5.1,6.3,25.9,10,13,0,56.4,11.625,14.7
28.6,35,22.5,1005.5,72,16.76,6,3.3,7.6,10,13,0,139.4347826,66.07391304,22.08695652
26.9,33.1,23.2,1005.2,83,12.19,4.5,4.3,13,10,13,0,95.17391304,19.74347826,18.60869565
27.4,33,22.1,1007.8,67.6,331.46,4.6,3.2,10,10,13,0,139.0666667,54.83333333,22.68666667
27.4,33,22.1,1007.8,67.6,331.46,4.6,3.2,10,10,13,0,63.5,25.28571429,6.714285714
27.4,33,22.1,1007.8,67.6,331.46,4.6,3.2,10,10,13,0,168.7222222,88.69444444,15.6
26.6,34.1,21.4,1006.5,66,25.65,4.8,3.5,5.4,10,13,0,3.222222222,66.97777778,47.11111111
26.8,33.8,20.3,1007.6,62,32,4,7,14.8,10,13,0,129.0416667,47.57083333,49.04166667
26.7,31,19.8,1009.1,68,0,5.5,2.6,7.6,10,13,0,129.625,53.27916667,55.20833333
27.4,33,22.1,1007.8,67.6,331.46,4.6,3.2,10,10,13,0,161,75.87083333,74.79166667
27.4,33,22.1,1007.8,67.6,331.46,4.6,3.2,10,10,13,0,105.5,38.275,37.04166667
27.4,33,22.1,1007.8,67.6,331.46,4.6,3.2,10,10,13,0,93.75,32.375,31.83333333
27.7,33,21.5,1007.7,69,0,4.3,4.4,9.4,15,12,0,90.33333333,30.44166667,30.83333333
25.2,32.8,21.4,1007.9,79,4.57,5,4.6,9.4,15,12,0,109.9166667,38.74583333,38.41666667
27.8,32.5,20.8,1008.9,69,0,4.8,3.5,5.4,15,12,0,123.5833333,47.16666667,50
27.9,32.4,23.6,1005.5,76.6,333.76,4.6,4.2,9.2,15,12,0,124.7916667,59.5375,57.29166667
27.9,32.4,23.6,1005.5,76.6,333.76,4.6,4.2,9.2,15,12,0,114.1666667,41.57916667,42.75
27.9,32.4,23.6,1005.5,76.6,333.76,4.6,4.2,9.2,15,12,0,103.5416667,36.4625,34.83333333
27.2,30,21.2,1004.7,82,4.06,4.5,4.8,9.4,15,12,0,101.8333333,35.43333333,35.83333333
29.8,33,24.6,1004.2,80,0,4.5,5.9,11.1,15,12,0,103.875,36.52083333,37.08333333
28.1,31.9,25.6,1006.4,82,14.22,4.5,4.3,11.1,15,12,0,108.6666667,38.38333333,38.04166667
27.9,32.4,23.6,1005.5,76.6,333.76,4.6,4.2,9.2,15,12,0,86.375,28.35416667,27.5
27.9,32.4,23.6,1005.5,76.6,333.76,4.6,4.2,9.2,15,12,0,80.58333333,26,26.91666667
27.9,32.4,23.6,1005.5,76.6,333.76,4.6,4.2,9.2,15,12,0,118,45.425,47.20833333
27.6,32.8,23.5,1007,75,42.42,4.5,4.4,7.6,15,12,0,141.5833333,74.22083333,72.79166667
27.3,32.5,22.4,1007.3,75,0,4.3,0.6,3.5,15,12,0,116,45.35833333,47.20833333
28.8,34.6,23,1005.7,73,0.25,4.3,3.5,9.4,15,12,0,147.4583333,67.04583333,65.41666667
27.9,32.4,23.6,1005.5,76.6,333.76,4.6,4.2,9.2,15,12,0,133.4583333,58.54583333,60.45833333
27.9,32.4,23.6,1005.5,76.6,333.76,4.6,4.2,9.2,15,12,0,133.4583333,55.28333333,54.33333333
27.9,32.4,23.6,1005.5,76.6,333.76,4.6,4.2,9.2,15,12,0,66.28571429,13.58571429,24.27142857
27.9,32.4,23.6,1005.5,76.6,333.76,4.6,4.2,9.2,15,12,0,104.8333333,39.03333333,39.625
27.9,32.4,23.6,1005.5,76.6,333.76,4.6,4.2,9.2,15,12,0,114.1666667,44.04583333,44.70833333
27.9,32.4,23.6,1005.5,76.6,333.76,4.6,4.2,9.2,15,12,0,128.3333333,50.62916667,48.875
27.9,32.4,23.6,1005.5,76.6,333.76,4.6,4.2,9.2,15,12,0,129.75,53.70416667,54.625
26.2,29.4,25.6,1005.1,91,52.07,4.7,4.1,9.4,15,12,0,113.6666667,40.51666667,39.25
28.7,32,25.8,1003.7,82,0.51,4.5,5,11.1,15,12,0,117.625,43.38333333,44.5
29.3,34.4,26,1003.4,79,18.8,4.3,6.5,9.4,15,12,0,76.75,24.5,23.25
27.9,32.4,23.6,1005.5,76.6,333.76,4.6,4.2,9.2,15,12,0,100.25,35.2625,35.70833333
27.9,32.4,23.6,1005.5,76.6,333.76,4.6,4.2,9.2,15,12,0,67.625,20.59583333,20.79166667
27.9,32.4,23.6,1005.5,76.6,333.76,4.6,4.2,9.2,15,12,0,23.26666667,33.80666667,23.8
29.2,35.4,24.5,1001.6,61,0,5.1,2.6,9.4,15,12,0,94.16666667,32.3,31.33333333
30.7,35.4,26.6,1001.8,63,0,5,2.4,5.4,15,12,0,139.1666667,58.86666667,60.125
26.1,28.2,23.6,1004.8,88,82.3,4.5,0.6,3.5,15,12,0,114.7916667,45.42083333,44.41666667
26.7,32,23.6,1006.1,87,1.52,3.9,4.3,9.4,20,11,0,95.625,32.61666667,32.25
28.8,33.2,25.1,1004.5,83,1.78,4.5,2.8,5.4,20,11,0,111,41.88333333,43.79166667
28,34.2,25.4,1002.2,86,39.62,4.2,0.7,5.4,20,11,0,133.0416667,56.8625,57.75
29.4,33.4,25.6,999.6,81,304.3,4.5,3.5,10.4,20,11,0,131.75,57.3125,55.04166667
29.4,33.4,25.6,999.6,81,304.3,4.5,3.5,10.4,20,11,0,108,39.14583333,38.29166667
29.4,33.4,25.6,999.6,81,304.3,4.5,3.5,10.4,20,11,0,97.70833333,33.82916667,34.125
31.2,34,28,1000.8,78,0,4.5,1.3,5.4,20,11,0,96.33333333,33.10416667,33.75
31.1,34.3,27.2,998.2,78,1.02,4.8,2.2,5.4,20,11,0,13.5,18.76666667,19.58333333
30.8,35.1,27,994.8,76,2.29,4.5,1.3,5.4,20,11,0,110.2916667,42.09583333,39.83333333
29.4,33.4,25.6,999.6,81,304.3,4.5,3.5,10.4,20,11,0,65.25,19.65416667,20.33333333
29.4,33.4,25.6,999.6,81,304.3,4.5,3.5,10.4,20,11,0,64.41666667,19.39583333,19.79166667
29.4,33.4,25.6,999.6,81,304.3,4.5,3.5,10.4,20,11,0,95.70833333,32.99583333,32.79166667
29.2,31.5,25.8,994.1,86,0,4.2,9.4,55.4,20,11,0,95.75,33.025,33.91666667
32.4,35.6,27.6,995.3,77,0,4.8,4.4,5.4,20,11,0,130.2083333,49.83333333,49.66666667
29.6,34.4,25,998.2,82,5.84,4.3,4.3,14.8,20,11,0,133.8333333,50.5375,49.95833333
29.4,33.4,25.6,999.6,81,304.3,4.5,3.5,10.4,20,11,0,79.08333333,25.4,24.79166667
29.4,33.4,25.6,999.6,81,304.3,4.5,3.5,10.4,20,11,0,105.375,36.67916667,37.08333333
29.4,33.4,25.6,999.6,81,304.3,4.5,3.5,10.4,20,11,0,117.9583333,42.47916667,42.20833333
26.3,28.5,24,1000.9,86,12.7,4.2,3,9.4,20,11,0,36.5,27.41875,22.15625
30.2,34.6,23.8,1001.7,76,0,4.8,1.1,9.4,20,11,0,113.9166667,40.72083333,40.95833333
30.8,34.7,27.8,1001.7,76,1.52,5.3,3.5,11.1,20,11,0,121.0833333,50.34166667,49.83333333
29.4,33.4,25.6,999.6,81,304.3,4.5,3.5,10.4,20,11,0,86.29166667,28.56666667,27.91666667
29.4,33.4,25.6,999.6,81,304.3,4.5,3.5,10.4,20,11,0,104.0416667,36.325,37.58333333
29.4,33.4,25.6,999.6,81,304.3,4.5,3.5,10.4,20,11,0,96.29166667,33.2125,32.625
27.8,31.3,26.4,998.7,87,30.48,4.3,2.4,11.1,20,11,0,95.625,32.7875,52.125
29.9,33.8,26.2,998.9,76,1.02,4.8,6.3,11.1,20,11,0,93.04166667,31.625,12.08333333
28.6,32.2,25.8,1001.4,79,11.68,4.5,5.9,9.4,20,11,0,59.82608696,16.93478261,27.56521739
29.4,33.4,25.6,999.6,81,304.3,4.5,3.5,10.4,20,11,0,16.23809524,28.35238095,21.98571429
29.4,33.4,25.6,999.6,81,304.3,4.5,3.5,10.4,20,11,0,98.16666667,34.21666667,50.91666667
29.4,33.4,25.6,999.6,81,304.3,4.5,3.5,10.4,20,11,0,94.16666667,32.32083333,32.04166667
30.3,33.2,26.9,1001.6,73,1.27,5.5,10,13,22,5,0,87.29166667,29.19583333,29.33333333
29.6,33.6,25.8,1000.7,79,17.02,5.3,3.9,5.4,22,5,0,80.29166667,25.99583333,16.91666667
27.3,29.8,25.6,999.7,91,48.26,3.9,3.5,5.4,22,5,0,75.66666667,23.9875,23.66666667
29.4,32.6,26.7,998.9,81,354.84,4.5,3.7,7.9,22,5,0,82.125,26.92916667,27.79166667
29.4,32.6,26.7,998.9,81,354.84,4.5,3.7,7.9,22,5,0,111.9166667,43.45,1.916666667
29.4,32.6,26.7,998.9,81,354.84,4.5,3.7,7.9,22,5,0,68.60869565,14.39130435,47.60869565
30.9,34.5,27.1,998.5,71,0,5.8,3.9,5.4,22,5,0,96.5,33.05833333,32.5
29.4,32.6,26.7,998.9,81,354.84,4.5,3.7,7.9,22,5,0,67.41666667,19.9,22.45833333
29.2,31.6,27.5,999.8,81,0.51,4.7,6.5,9.4,22,5,0,27.57142857,23.41428571,23.47619048
29.7,32.8,27.1,999.5,78,0,4.7,4.4,9.4,22,5,0,86.875,29.025,29.125
29.4,32.6,26.7,998.9,81,354.84,4.5,3.7,7.9,22,5,0,95.91666667,33.00416667,8.916666667
29.4,32.6,26.7,998.9,81,354.84,4.5,3.7,7.9,22,5,0,82.29411765,26.71764706,27.58823529
29.4,32.6,26.7,998.9,81,354.84,4.5,3.7,7.9,22,5,0,33.25,17.5125,15.75
31.4,34.6,27,997.1,71,1.27,4.5,4.1,7.6,22,5,0,67,20.39166667,65.29166667
30.4,34.7,28,997.1,76,3.3,4.3,6.1,11.1,22,5,0,11.39130435,28.53478261,161.7391304
29.7,34,26.7,997.8,79,0.51,4.8,8,11.1,22,5,0,52.875,14.04166667,14.04166667
29.4,32.6,26.7,998.9,81,354.84,4.5,3.7,7.9,22,5,0,84.875,27.83333333,28.29166667
29.4,32.6,26.7,998.9,81,354.84,4.5,3.7,7.9,22,5,0,80.29166667,25.72916667,16.16666667
29.4,32.6,26.7,998.9,81,354.84,4.5,3.7,7.9,22,5,0,101.3333333,35.90416667,49.20833333
30.9,36,28.2,996.3,73,3.05,4.5,1.9,5.4,22,5,0,118.7916667,51.23333333,6
28.8,31.3,27.4,998.2,83,2.03,4.2,7.6,11.1,22,5,0,44.04166667,10.75416667,31.29166667
29.1,32.6,26.8,999.1,86,29.21,4.5,5.7,11.1,22,5,0,55.5,15.10833333,111.4583333
29.4,32.6,26.7,998.9,81,354.84,4.5,3.7,7.9,22,5,0,93.66666667,31.50416667,9.958333333
29.4,32.6,26.7,998.9,81,354.84,4.5,3.7,7.9,22,5,0,41.31818182,15.88181818,14.90909091
29.4,32.6,26.7,998.9,81,354.84,4.5,3.7,7.9,22,5,0,100.2727273,15.18954545,116.7272727
27.2,28.7,26.1,1000.1,91,9.65,3.9,2,11.1,22,5,0,86.5,28.775,68.70833333
28.5,30.5,26.6,999.1,89,9.14,4.3,1.1,5.4,22,5,0,91.54166667,31.49166667,71.95833333
27.7,30.2,25.7,1000,88,4.83,4.2,1.3,5.4,22,5,0,83.5,6.454166667,129.7916667
29.4,32.6,26.7,998.9,81,354.84,4.5,3.7,7.9,22,5,0,131.5833333,50.40833333,50.20833333
29.4,32.6,26.7,998.9,81,354.84,4.5,3.7,7.9,22,5,0,31,91.72083333,156.4166667
29.4,32.6,26.7,998.9,81,354.84,4.5,3.7,7.9,22,5,0,105.9583333,37.53333333,76.625
27.9,32.5,26.6,998.5,86,25.15,4,1.3,5.4,19,4,0,22.29166667,22.40416667,140.375
27.6,30.5,26.2,1000.8,88,10.41,4.2,2.2,9.4,19,4,0,114.1666667,40.75416667,41.16666667
28.3,32.6,25.6,999.8,82,16.51,4.3,2.4,5.4,19,4,0,122.7083333,44.69166667,84.58333333
29.8,33.6,27.1,1000,77.6,166.12,4.6,3.2,8,19,4,0,132.6666667,50.2375,50.33333333
29.8,33.6,27.1,1000,77.6,166.12,4.6,3.2,8,19,4,0,107.7916667,25.16666667,186.5416667
29.8,33.6,27.1,1000,77.6,166.12,4.6,3.2,8,19,4,0,112.5833333,47.425,84.33333333
29.8,33.6,27,999.6,71,0,4.5,4.3,9.4,19,4,0,82.66666667,26.80833333,26.91666667
30.4,33.4,27.4,1001.5,72,0,4.5,5,9.4,19,4,0,33.45833333,92.64583333,156.0416667
29.3,34,27.2,1002.9,79,0,4.5,2.4,9.4,19,4,0,74.08333333,0.616666667,123.5833333
29.8,33.6,27.1,1000,77.6,166.12,4.6,3.2,8,19,4,0,134.2083333,52.99583333,51.875
29.8,33.6,27.1,1000,77.6,166.12,4.6,3.2,8,19,4,0,96.54166667,32.975,32.875
29.8,33.6,27.1,1000,77.6,166.12,4.6,3.2,8,19,4,0,102.3333333,35.6625,35.875
29.8,33.6,27.1,1000,77.6,166.12,4.6,3.2,8,19,4,0,26.33333333,20.72916667,137.9583333
31.3,36.3,27.5,997.5,70,4.83,4.2,2.6,9.4,19,4,0,77.66666667,25.14166667,105.5833333
31.3,34.8,27.6,1000.6,67,0,5,6.5,11.1,19,4,0,52.83333333,13.5125,12.75
30.6,34.6,26.7,1001.2,70,0.51,5,3.9,9.4,19,4,0,78.66666667,25.25,26.20833333
29.8,33.6,27.1,1000,77.6,166.12,4.6,3.2,8,19,4,0,78.17647059,25.06470588,215.0588235
29.8,33.6,27.1,1000,77.6,166.12,4.6,3.2,8,19,4,0,82,77.74,98.5
29.5,33.1,27,1000.9,77,9.91,4.5,5.9,11.1,19,4,0,48,77.74,98.5
29,31.9,26.3,1001.9,84,24.89,4.8,3.7,9.4,19,4,0,40,77.74,98.5
29.9,33.1,27.5,1000.3,81,1.78,5.1,5.2,7.6,19,4,0,37,77.74,98.5
29.8,33.6,27.1,1000,77.6,166.12,4.6,3.2,8,19,4,0,39,77.74,98.5
29.8,33.6,27.1,1000,77.6,166.12,4.6,3.2,8,19,4,0,42,77.74,98.5
29.8,33.7,27,998.6,76,2.79,4.3,3,9.4,19,4,0,43,77.74,98.5
29.9,33.7,27.8,1003.1,75,0,5,5.9,9.4,10,6,0,33,77.74,98.5
30.6,32.2,25.8,1003.1,76,0.25,4.8,5.6,9.4,10,6,0,65,77.74,98.5
31,34.4,27.4,1005.8,68,0,5,5.6,7.6,10,6,0,72,77.74,98.5
29.8,33.7,26.7,1005.6,76.2,75.43,4.8,3.9,9.9,10,6,0,90,77.74,98.5
27.6,29.6,25,1005,92,3.3,4.2,2.8,5.4,10,6,0,119,77.74,98.5
28.4,33.1,26.2,1006.5,83,0,4.5,8.5,42.4,10,6,0,146,77.74,98.5
29.8,33.7,26.7,1005.6,76.2,75.43,4.8,3.9,9.9,10,6,0,142,77.74,98.5
29.8,33.7,26.7,1005.6,76.2,75.43,4.8,3.9,9.9,10,6,0,74,77.74,98.5
29.8,33.7,26.7,1005.6,76.2,75.43,4.8,3.9,9.9,10,6,0,104,77.74,98.5
30.5,33.9,26.8,1010.4,72,0,5,1.9,5.4,10,6,0,122,77.74,98.5
29.8,33.7,26.7,1005.6,76.2,75.43,4.8,3.9,9.9,10,6,0,121,77.74,98.5
29.8,33.7,26.7,1005.6,76.2,75.43,4.8,3.9,9.9,10,6,0,111,77.74,98.5
30.6,36.1,25,1007.6,56,0,5,2.2,7.6,7,0,0,173,77.74,98.5
31.1,35.9,26.8,1008.2,61,0,4.8,2.8,5.4,7,0,0,165,77.74,98.5
27.4,31.6,23.5,1010.8,69.5,55.37,4.2,2.3,8.1,7,0,0,187,77.74,98.5
27.4,31.6,23.5,1010.8,69.5,55.37,4.2,2.3,8.1,7,0,0,187,77.74,98.5
27.4,31.6,23.5,1010.8,69.5,55.37,4.2,2.3,8.1,7,0,0,133,77.74,98.5
27.4,31.6,23.5,1010.8,69.5,55.37,4.2,2.3,8.1,7,0,0,18,77.74,98.5
27.4,31.6,23.5,1010.8,69.5,55.37,4.2,2.3,8.1,7,0,0,29,77.74,98.5
27.7,33.2,22.8,1011.5,64,0,4.5,0.6,3.5,7,0,0,223,77.74,98.5
27.4,31.6,23.5,1010.8,69.5,55.37,4.2,2.3,8.1,7,0,0,211,77.74,98.5
27.4,31.6,23.5,1010.8,69.5,55.37,4.2,2.3,8.1,7,0,0,205,77.74,98.5
27.4,33.2,23,1011.6,65,0,3.9,1.3,5.4,7,0,0,213,77.74,98.5
27.4,32.6,23.4,1010.3,69,0,4,2,9.4,7,0,0,160,77.74,98.5
27.4,31.6,23.5,1010.8,69.5,55.37,4.2,2.3,8.1,7,0,0,134,77.74,98.5
23.6,29.7,18.9,1013.1,65.5,0,3.7,1.1,5.9,0,0,0,199.19,131.3,106.0714286
23.6,29.7,18.9,1013.1,65.5,0,3.7,1.1,5.9,0,0,0,174.6666667,104.0708333,106.875
23.6,29.7,18.9,1013.1,65.5,0,3.7,1.1,5.9,0,0,0,165.5,83.62083333,83
23.6,29.7,18.9,1013.1,65.5,0,3.7,1.1,5.9,0,0,0,167.125,87.1125,86.20833333
23.6,29.7,18.9,1013.1,65.5,0,3.7,1.1,5.9,0,0,0,154.5416667,63.95833333,18.75
23.6,29.7,18.9,1013.1,65.5,0,3.7,1.1,5.9,0,0,0,165.25,86.05,45.33333333
24.4,29.1,22,1013.3,74,0,4,1.1,5.4,0,0,0,190.875,128.7291667,126.3333333
24.7,30.2,20.4,1012.1,63,0,3.9,1.1,5.4,0,0,0,177.4583333,105.5625,62.91666667
23.7,29.5,18.6,1011.2,74,0,3.5,1.3,5.4,0,0,0,205.2083333,147.2958333,147.4583333
23.6,29.7,18.9,1013.1,65.5,0,3.7,1.1,5.9,0,0,0,290.0416667,236.8583333,240.125
23.6,29.7,18.9,1013.1,65.5,0,3.7,1.1,5.9,0,0,0,224.4166667,162.7708333,161
23.6,29.7,18.9,1013.1,65.5,0,3.7,1.1,5.9,0,0,0,216.6666667,153.95,151.6666667
24.5,30.2,19,1009.7,64,0,3.2,2.2,5.4,0,0,0,179.375,113.3791667,113.5833333
23.8,30.1,19.3,1011.1,70,0,3.5,0,5.4,0,0,0,228.5833333,173.8625,178.4166667
24.8,30.2,20,1012.1,70,0,3.4,0,5.4,0,0,0,295.875,245.7541667,247.2916667
23.6,29.7,18.9,1013.1,65.5,0,3.7,1.1,5.9,0,0,0,228.25,172.6333333,177.3333333
23.6,29.7,18.9,1013.1,65.5,0,3.7,1.1,5.9,0,0,0,211.75,149.3666667,141.5416667
23.6,29.7,18.9,1013.1,65.5,0,3.7,1.1,5.9,0,0,0,205.125,142.3416667,143.7083333
23.6,29.7,18.9,1013.1,65.5,0,3.7,1.1,5.9,0,0,0,202.5,139.2458333,137.1666667
23.6,29.7,18.9,1013.1,65.5,0,3.7,1.1,5.9,0,0,0,242.375,185.2416667,183.7916667
23.6,29.7,18.9,1013.1,65.5,0,3.7,1.1,5.9,0,0,0,185.6666667,121.8458333,120.5
23.6,29.7,18.9,1013.1,65.5,0,3.7,1.1,5.9,0,0,0,188.875,125.775,128.2916667
23.6,29.7,18.9,1013.1,65.5,0,3.7,1.1,5.9,0,0,0,213.3333333,148.85,146.875
23.6,29.7,18.9,1013.1,65.5,0,3.7,1.1,5.9,0,0,0,189.1666667,125.1,125.4583333
22.8,29.4,17.4,1014.1,66,0,3.9,1.9,9.4,0,0,0,166.25,91.12083333,89.04166667
23.8,30,17.5,1013.3,58,0,3.7,1.9,5.4,0,0,0,198.2916667,134.0416667,136.375
25.2,30.6,19.2,1015.5,54,0,3.9,4.3,9.4,0,0,0,177.9583333,104.4791667,102.0416667
23.6,29.7,18.9,1013.1,65.5,0,3.7,1.1,5.9,0,0,0,162.2916667,78.20416667,80.75
23.6,29.7,18.9,1013.1,65.5,0,3.7,1.1,5.9,0,0,0,193.4583333,126.3708333,129.6666667
23.6,29.7,18.9,1013.1,65.5,0,3.7,1.1,5.9,0,0,0,175.7916667,103.4625,101.4583333
21.2,26.6,18,1014.1,67,0,3.7,1.1,5.4,0,0,0,231.25,181.3625,134.16
20.3,27.8,16.7,1012.5,70,0,3.5,0.9,5.4,0,0,0,97.26666667,28.86,105.6
21.8,28.5,16.7,1014.1,61,0,3.9,1.1,5.4,0,0,0,188.3333333,124.3375,124.9583333
21.5,27.6,16.5,1013.2,61.8,0,3.7,1.1,5.6,0,0,0,218.2916667,157.4708333,158.4583333
21.5,27.6,16.5,1013.2,61.8,0,3.7,1.1,5.6,0,0,0,197.25,131.8458333,128.6666667
21.5,27.6,16.5,1013.2,61.8,0,3.7,1.1,5.6,0,0,0,229.9166667,174.7458333,178.0416667
21.9,26.6,16.1,1012.6,56,0,4,1.1,3.5,0,0,0,232.5,176.8625,179.3333333
21.8,27.4,17.8,1013.4,58,0,3.4,3.3,9.4,0,0,0,246.0416667,192.6125,192.8333333
20.3,27.6,16.2,1012.6,70,0,3.5,0.7,5.4,0,0,0,210.1666667,149.025,149.625
21.5,27.6,16.5,1013.2,61.8,0,3.7,1.1,5.6,0,0,0,216.875,156.6958333,155.6666667
21.5,27.6,16.5,1013.2,61.8,0,3.7,1.1,5.6,0,0,0,231.0833333,168.9458333,166.5833333
21.5,27.6,16.5,1013.2,61.8,0,3.7,1.1,5.6,0,0,0,267.25,216.1041667,220.25
21.5,27.6,16.5,1013.2,61.8,0,3.7,1.1,5.6,0,0,0,253.4583333,195.4833333,190.625
21.5,27.6,16.5,1013.2,61.8,0,3.7,1.1,5.6,0,0,0,202.125,143.0666667,178.8333333
21.5,27.6,16.5,1013.2,61.8,0,3.7,1.1,5.6,0,0,0,209.7083333,155.0166667,155.4166667
21.5,27.6,16.5,1013.2,61.8,0,3.7,1.1,5.6,0,0,0,202,148.125,147.9166667
21.5,27.6,16.5,1013.2,61.8,0,3.7,1.1,5.6,0,0,0,208.9583333,151.2583333,148.0833333
21.5,27.6,16.5,1013.2,61.8,0,3.7,1.1,5.6,0,0,0,125.9583333,54.18333333,53.16666667
21.5,27.6,16.5,1013.2,61.8,0,3.7,1.1,5.6,0,0,0,135.7916667,53.79583333,54.83333333
21.5,27.6,16.5,1013.2,61.8,0,3.7,1.1,5.6,0,0,0,188.5,128.0125,130.4583333
21.5,27.6,16.5,1013.2,61.8,0,3.7,1.1,5.6,0,0,0,192.4583333,130.6833333,130.25
21.5,27.6,16.5,1013.2,61.8,0,3.7,1.1,5.6,0,0,0,219.2083333,162.275,165.5416667
21.5,27.6,16.5,1013.2,61.8,0,3.7,1.1,5.6,0,0,0,238.75,181.275,180.7916667
21.5,27.6,16.5,1013.2,61.8,0,3.7,1.1,5.6,0,0,0,227.1666667,166.3833333,166.7916667
21.5,27.6,16.5,1013.2,61.8,0,3.7,1.1,5.6,0,0,0,241.1666667,190.6625,193.7916667
21.5,27.6,16.5,1013.2,61.8,0,3.7,1.1,5.6,0,0,0,253.3333333,201.5166667,198.3333333
21.5,27.6,16.5,1013.2,61.8,0,3.7,1.1,5.6,0,0,0,233.8333333,182.4708333,178.875
21.5,27.6,16.5,1013.2,61.8,0,3.7,1.1,5.6,0,0,0,212.5416667,155.0208333,153.0833333
21.5,27.6,16.5,1013.2,61.8,0,3.7,1.1,5.6,0,0,0,199.9583333,141.4791667,144.375
21.5,27.6,16.5,1013.2,61.8,0,3.7,1.1,5.6,0,0,0,196.5,133.575,133.875
21.5,27.6,16.5,1013.2,61.8,0,3.7,1.1,5.6,0,0,0,192.5416667,128.1791667,127.9583333
22.7,27,13.4,1017.8,45,0,3.7,1.3,5.4,0,0,0,192.0869565,130.6391304,130.7391304
22.7,27,13.4,1017.8,45,0,3.7,1.3,5.4,0,0,0,235,185.3,179
18.5,25.8,13.8,1017.7,65,0,3.1,0.9,3.5,0,0,0,208.0833333,148.4166667,150.5416667
20.6,26.5,13,1018,53,0,4,1.5,3.5,0,0,0,215.875,156.1291667,156.375
19.7,26.1,13.3,1016.4,57.2,0,3.6,1.5,5.4,0,0,0,302.9166667,252.6541667,257.875
19.7,26.1,13.3,1016.4,57.2,0,3.6,1.5,5.4,0,0,0,247.5416667,187.3291667,183.0416667
19.7,26.1,13.3,1016.4,57.2,0,3.6,1.5,5.4,0,0,0,221.4583333,159.2625,161.375
19.7,26.1,13.3,1016.4,57.2,0,3.6,1.5,5.4,0,0,0,244.7083333,185.575,182.8333333
19.7,26.1,13.3,1016.4,57.2,0,3.6,1.5,5.4,0,0,0,219.2083333,164.5333333,114
20.4,26.1,15.5,1014.7,55,0,3.9,3.5,5.4,0,0,0,213.25,157.2708333,160.9583333
19.4,25.6,14,1015.3,50,0,3.9,3.3,9.4,0,0,0,238.3333333,183.4291667,180.7916667
19.7,26.1,13.3,1016.4,57.2,0,3.6,1.5,5.4,0,0,0,251.625,198.0708333,199.4583333
19.7,26.1,13.3,1016.4,57.2,0,3.6,1.5,5.4,0,0,0,259.2083333,203.9833333,206.75
20.8,27,13,1015.3,61,0,3.4,1.3,5.4,0,0,0,237.5416667,178.3583333,173.5
19.7,26.1,13.3,1016.4,57.2,0,3.6,1.5,5.4,0,0,0,216.125,157.7708333,162.7083333
19.7,26.1,13.3,1016.4,57.2,0,3.6,1.5,5.4,0,0,0,242.5833333,189.9583333,186.8333333
19.7,26.1,13.3,1016.4,57.2,0,3.6,1.5,5.4,0,0,0,198.3333333,140.8,139.625
19.7,26.1,13.3,1016.4,57.2,0,3.6,1.5,5.4,0,0,0,240.2916667,186.9958333,190.0833333
19.7,26.1,13.3,1016.4,57.2,0,3.6,1.5,5.4,0,0,0,303.0833333,251.9958333,257.4166667
19.7,26.1,13.3,1016.4,57.2,0,3.6,1.5,5.4,0,0,0,317,267.2208333,260.3333333
19.7,26.1,13.3,1016.4,57.2,0,3.6,1.5,5.4,0,0,0,310.4583333,263.4958333,266.9583333
19.7,26.1,13.3,1016.4,57.2,0,3.6,1.5,5.4,0,0,0,268.9166667,213.5333333,211.5833333
19.7,26.1,13.3,1016.4,57.2,0,3.6,1.5,5.4,0,0,0,261.8947368,204.8315789,139.4210526
19.7,26.1,13.3,1016.4,57.2,0,3.6,1.5,5.4,0,0,0,239.9583333,189.8083333,248.8333333
19.7,26.1,13.3,1016.4,57.2,0,3.6,1.5,5.4,0,0,0,287.5,235.775,231.125
19.7,26.1,13.3,1016.4,57.2,0,3.6,1.5,5.4,0,0,0,219.3333333,162.2833333,159.8333333
19.7,26.1,13.3,1016.4,57.2,0,3.6,1.5,5.4,0,0,0,229.3333333,175.1833333,174
19.7,26.1,13.3,1016.4,57.2,0,3.6,1.5,5.4,0,0,0,196.2916667,137.2375,135.8333333
19.7,26.1,13.3,1016.4,57.2,0,3.6,1.5,5.4,0,0,0,188.1666667,126.5833333,126.2916667
19.7,26.1,13.3,1016.4,57.2,0,3.6,1.5,5.4,0,0,0,190.875,131.3,130.875
19.7,26.1,13.3,1016.4,57.2,0,3.6,1.5,5.4,0,0,0,191.5,129.45,131
19.7,26.1,13.3,1016.4,57.2,0,3.6,1.5,5.4,0,0,0,228.5416667,168.75,170.1666667
29.9,34,25.2,1003.5,73.7,70.11,5,5.5,12.1,3,2,0,177.1666667,116.3666667,118.8333333
29.9,34,25.2,1003.5,73.7,70.11,5,5.5,12.1,3,2,0,184.5,125.7708333,128.6666667
29.9,34,25.2,1003.5,73.7,70.11,5,5.5,12.1,3,2,0,199.7857143,138.5142857,191.0714286
29.9,34,25.2,1003.5,73.7,70.11,5,5.5,12.1,3,2,0,188.82,117.3076923,116.6153846
29.9,34,25.2,1003.5,73.7,70.11,5,5.5,12.1,3,2,0,136.7083333,51.6625,52.125
29.9,34,25.2,1003.5,73.7,70.11,5,5.5,12.1,3,2,0,149.0416667,68.67083333,70.25
29.9,34,25.2,1003.5,73.7,70.11,5,5.5,12.1,3,2,0,151.2916667,61.35,59.70833333
29.9,34,25.2,1003.5,73.7,70.11,5,5.5,12.1,3,2,0,143.4583333,56.50416667,56.29166667
29.9,34,25.2,1003.5,73.7,70.11,5,5.5,12.1,3,2,0,145.5,56.29583333,56.29166667
29.9,34,25.2,1003.5,73.7,70.11,5,5.5,12.1,3,2,0,130.6190476,48.46666667,1.238095238
29.9,34,25.2,1003.5,73.7,70.11,5,5.5,12.1,3,2,0,74.31818182,51.77,45.81818182
29.9,34,25.2,1003.5,73.7,70.11,5,5.5,12.1,3,2,0,144.8333333,59.1375,60.29166667
29.9,34,25.2,1003.5,73.7,70.11,5,5.5,12.1,3,2,0,131.3333333,49.79166667,5.125
29.9,34,25.2,1003.5,73.7,70.11,5,5.5,12.1,3,2,0,132.4166667,51.35833333,52.41666667
29.9,34,25.2,1003.5,73.7,70.11,5,5.5,12.1,3,2,0,122.5416667,45.61666667,44.95833333
29.9,34,25.2,1003.5,73.7,70.11,5,5.5,12.1,3,2,0,115.25,41.74583333,41.5
29.9,34,25.2,1003.5,73.7,70.11,5,5.5,12.1,3,2,0,152.1666667,64.84583333,66
29.9,34,25.2,1003.5,73.7,70.11,5,5.5,12.1,3,2,0,146.4583333,63.8,65.04166667
29.9,34,25.2,1003.5,73.7,70.11,5,5.5,12.1,3,2,0,160.4166667,76.29583333,74.20833333
29.9,34,25.2,1003.5,73.7,70.11,5,5.5,12.1,3,2,0,161.75,79.54166667,79.91666667
29.5,34.9,23.5,1005,72,14.99,4.2,8.3,11.1,3,2,0,121.875,44.14583333,43.20833333
29.8,33.2,23.2,1005.5,70,1.02,4.7,5.2,14.8,3,2,0,101.4583333,35.8,37.25
28.3,33.5,22.4,1003.7,81,28.19,4.8,10.4,33.5,3,2,0,97.45833333,33.475,31.83333333
29.9,34,25.2,1003.5,73.7,70.11,5,5.5,12.1,3,2,0,100.75,36.26666667,36.83333333
29.9,34,25.2,1003.5,73.7,70.11,5,5.5,12.1,3,2,0,121,44.9,44.91666667
29.9,34,25.2,1003.5,73.7,70.11,5,5.5,12.1,3,2,0,107.6666667,39.01666667,40.125
31.5,36.1,25.2,1002.7,68,0,5.3,3.9,5.4,3,2,0,140.9583333,61.71666667,61.45833333
32.4,36.6,27.8,1002.5,67,0,5.5,5,11.1,3,2,0,137.375,54.92083333,54.66666667
30.1,31.4,28.4,1003.3,78,0,5.1,6.3,11.1,3,2,0,109.5,38.90833333,38.66666667
29.9,34,25.2,1003.5,73.7,70.11,5,5.5,12.1,3,2,0,106.75,37.83333333,37.25
29.3,32.4,22.3,1004.2,74,45.97,4.8,6.3,14.8,15,11,0,103.25,37.59583333,38.20833333
26.6,30,23.2,1004.5,84,14.48,4.3,8.7,43.2,15,11,0,105.5416667,39.43333333,41
28,30.4,22.9,1003.4,82,16,4.7,5.4,9.4,15,11,0,87.04166667,29.35416667,28.33333333
29.8,33.4,26.4,1001.1,79,246.36,4.8,4.5,11.2,15,11,0,75.375,23.31666667,21.75
29.8,33.4,26.4,1001.1,79,246.36,4.8,4.5,11.2,15,11,0,38.25,9.525,9.583333333
29.8,33.4,26.4,1001.1,79,246.36,4.8,4.5,11.2,15,11,0,51.5,13.0375,13.29166667
28.6,32.8,25.6,1004.8,80,0,5.1,3.9,7.6,15,11,0,50.25,13.00416667,12.79166667
29.3,33.5,26.5,1003,78,0,4.7,3.5,9.4,15,11,0,59.41666667,18.84583333,19.04166667
27.7,28,27,1001.6,92,27.43,4,3.7,9.4,15,11,0,72.25,22.9375,23.45833333
29.8,33.4,26.4,1001.1,79,246.36,4.8,4.5,11.2,15,11,0,88.75,29.39166667,30.45833333
29.8,33.4,26.4,1001.1,79,246.36,4.8,4.5,11.2,15,11,0,45.1,16.975,17.8
29.8,33.4,26.4,1001.1,79,246.36,4.8,4.5,11.2,15,11,0,87.625,29.39166667,29.125
29.8,33.4,26.4,1001.1,79,246.36,4.8,4.5,11.2,15,11,0,116.4583333,41.70416667,42.33333333
30.3,31.9,29.1,998.3,83,0,5.3,4.6,7.6,15,11,0,101.0833333,35.50416667,35.25
26.9,29.7,25.5,999.1,84,0.51,4.5,5,9.4,15,11,0,117.9166667,43.22083333,43.75
31.1,35.1,25.1,998.4,78,0,4.5,6.1,9.4,15,11,0,112.4166667,40.2375,40.875
29.8,33.4,26.4,1001.1,79,246.36,4.8,4.5,11.2,15,11,0,99.08333333,34.37083333,32.66666667
29.8,33.4,26.4,1001.1,79,246.36,4.8,4.5,11.2,15,11,0,129.5416667,49.37083333,7.041666667
29.8,33.4,26.4,1001.1,79,246.36,4.8,4.5,11.2,15,11,0,149.3333333,66.43333333,67
30.4,34.7,27.2,1000.8,78,10.92,4.8,0.7,5.4,15,11,0,127.8333333,50.8375,49.125
29.8,33.4,26.4,1001.1,79,246.36,4.8,4.5,11.2,15,11,0,91.66666667,33.325,33.16666667
29.8,33.4,26.4,1001.1,79,246.36,4.8,4.5,11.2,15,11,0,79.125,25.37916667,25.83333333
31.8,36.1,28.2,1003.2,68,0,5.5,1.9,9.4,15,11,0,87.75,29.27916667,29.20833333
32,36.5,28.3,1003.8,69,0,5.6,4.1,9.4,15,11,0,66.83333333,19.61666667,19.66666667
29.8,33.4,26.4,1001.1,79,246.36,4.8,4.5,11.2,15,11,0,79.125,25.45,25.29166667
29.8,33.4,26.4,1001.1,79,246.36,4.8,4.5,11.2,15,11,0,57.45833333,16.25416667,16
29.8,33.4,26.4,1001.1,79,246.36,4.8,4.5,11.2,15,11,0,70.66666667,21.675,21.83333333
28.2,33.3,26.8,998.6,90,7.11,4.3,4.6,9.4,15,11,0,76.45833333,24.20416667,25.25
30.7,34.8,26.3,998,81,0,4.8,4.6,14.8,15,11,0,104.0416667,37.78333333,38.08333333
30.2,35.1,28,997.8,82,22.35,4.8,1.1,5.4,15,11,0,107.375,38.7375,4.833333333
30,34.2,27.2,997.7,74,0.25,4.5,9.1,14.8,21,9,0,76.33333333,25.78333333,24.75
29.3,32.8,26.9,1000.3,81.9,360.4,4.5,4.7,9.6,21,9,0,111.2916667,15.01208333,19
30.5,33.6,28.2,999.2,76,1.52,4.5,4.1,9.4,21,9,0,64.04166667,18.39166667,17.83333333
30.5,34.5,27.6,997.8,77,0.51,5.5,3.3,5.4,21,9,0,96.66666667,33.16666667,33.70833333
29.3,32.8,26.9,1000.3,81.9,360.4,4.5,4.7,9.6,21,9,0,70.45833333,21.4875,20.70833333
29.3,32.8,26.9,1000.3,81.9,360.4,4.5,4.7,9.6,21,9,0,61.79166667,17.34583333,17.66666667
29.3,32.8,26.9,1000.3,81.9,360.4,4.5,4.7,9.6,21,9,0,90.58333333,31.02916667,33.25
28.4,31.4,26.5,999,90,38.61,4.2,4.3,7.6,21,9,0,93.70833333,32.24166667,31.95833333
29.2,31.5,26.9,998.9,88,0.25,4.5,4.8,9.4,21,9,0,89.91666667,30.09166667,29
29.2,32.6,28,998.9,84,1.27,5,5.4,9.4,21,9,0,84.70833333,27.64166667,28.66666667
29.3,32.8,26.9,1000.3,81.9,360.4,4.5,4.7,9.6,21,9,0,78.29166667,24.95,24.375
29.3,32.8,26.9,1000.3,81.9,360.4,4.5,4.7,9.6,21,9,0,77.75,26.88333333,28.58333333
29.3,32.8,26.9,1000.3,81.9,360.4,4.5,4.7,9.6,21,9,0,88.08333333,29.4375,28.25
27.3,29.6,24.4,1000.1,89,57.91,4.2,3.7,9.4,21,9,0,99.45833333,34.35833333,34.41666667
27.3,30.2,25.9,1000.3,89,1.27,4.5,3.3,9.4,21,9,0,115.0416667,42.375,41.75
29.5,34.6,24.6,1001.1,86,2.54,4.8,2,5.4,21,9,0,149.5416667,63.09166667,65.45833333
29.3,32.8,26.9,1000.3,81.9,360.4,4.5,4.7,9.6,21,9,0,155.4166667,75.8,76.41666667
29.3,32.8,26.9,1000.3,81.9,360.4,4.5,4.7,9.6,21,9,0,160.7916667,78.625,76.54166667
29.3,32.8,26.9,1000.3,81.9,360.4,4.5,4.7,9.6,21,9,0,106.3333333,40.61666667,40.70833333
29.3,32.8,26.9,1000.3,81.9,360.4,4.5,4.7,9.6,21,9,0,77.83333333,24.77083333,24.25
31.5,35.7,28.4,1003.1,72,0,4.5,4.6,9.4,21,9,0,75.66666667,23.78333333,23.625
29.3,32.8,26.9,1000.3,81.9,360.4,4.5,4.7,9.6,21,9,0,64.79166667,18.67083333,18.54166667
31.8,35.6,28.2,1001.5,69,0,5,7.2,9.4,21,9,0,65.625,19.7125,19.45833333
29.9,34.6,26.8,1001.6,80,11.94,4.5,4.8,9.4,21,9,0,65.08333333,19.11666667,19.66666667
29.3,32.8,26.9,1000.3,81.9,360.4,4.5,4.7,9.6,21,9,0,140.7083333,63.61666667,63.66666667
29.3,32.8,26.9,1000.3,81.9,360.4,4.5,4.7,9.6,21,9,0,96.625,37.57083333,37.33333333
29.3,32.8,26.9,1000.3,81.9,360.4,4.5,4.7,9.6,21,9,0,53.45833333,14.52916667,14.41666667
29.3,32.2,26.3,1002.2,75,0,4.8,9.1,14.8,21,9,0,45.25,11.25833333,11.04166667
29.3,33.4,26.8,1003.1,77,0.25,4.3,10.9,18.3,21,9,0,63.08333333,17.8875,18.25
28.6,31.6,26.9,1003,84,10.92,4.7,4.4,5.4,21,9,0,97.75,33.57083333,35.08333333
29.3,32.8,26.9,1000.3,81.9,360.4,4.5,4.7,9.6,21,9,0,129.1666667,49.07916667,48.16666667
29.9,33.2,27,1000.3,77,0,4.8,3.5,9.4,17,1,0,84.66666667,27.9125,27.66666667
30.2,34.4,27.3,999.3,76,0,4.8,4.8,9.4,17,1,0,90.875,30.41666667,30.08333333
28.6,31.5,27.3,998.3,87,22.1,4.3,7.6,14.8,17,1,0,67.91666667,20.4125,21.33333333
30,33.7,27,1000.7,78.3,218.45,4.7,4.1,8.5,17,1,0,83.25,27.64583333,29.66666667
30,33.7,27,1000.7,78.3,218.45,4.7,4.1,8.5,17,1,0,83.54166667,28.9375,28.20833333
30,33.7,27,1000.7,78.3,218.45,4.7,4.1,8.5,17,1,0,82.79166667,28.32916667,26.41666667
28.7,33.1,26.7,995.6,81,23.88,4.5,9.3,14.8,17,1,0,42.54166667,10.49583333,10.5
27.1,30.1,25,999.3,90,80.26,3.7,3.1,9.4,17,1,0,56.5,15.5125,16
29.8,33.5,25.4,1000.9,80,0,4.5,4.6,9.4,17,1,0,90,30.13333333,31.45833333
30,33.7,27,1000.7,78.3,218.45,4.7,4.1,8.5,17,1,0,92.95833333,32.2625,31.375
30,33.7,27,1000.7,78.3,218.45,4.7,4.1,8.5,17,1,0,91.54166667,30.9125,32.04166667
30,33.7,27,1000.7,78.3,218.45,4.7,4.1,8.5,17,1,0,51.83333333,15.59166667,13.58333333
27.9,30.6,26.6,1001.5,87,13.72,4.3,8.3,14.8,17,1,0,18.70833333,4.4875,4.833333333
27.4,28.3,26,1004.5,93,22.86,4.5,1.5,7.6,17,1,0,49.20833333,14.1625,14.91666667
28.3,31.2,25.7,1004.2,87,2.03,4.5,3.3,7.6,17,1,0,70.33333333,21.30416667,21.45833333
30,33.7,27,1000.7,78.3,218.45,4.7,4.1,8.5,17,1,0,82.125,26.7625,26.83333333
30,33.7,27,1000.7,78.3,218.45,4.7,4.1,8.5,17,1,0,70.33333333,21.525,21.33333333
30,33.7,27,1000.7,78.3,218.45,4.7,4.1,8.5,17,1,0,58.20833333,16.3375,16.125
30.6,34.6,27.2,1005,72,0,4.7,4.8,9.4,17,1,0,88.625,29.59583333,30.16666667
30.9,34.4,27.8,1003.1,73,0,4.8,1.9,5.4,17,1,0,70.70833333,21.47916667,21.25
31,34.9,27.6,1001.9,75,1.02,4.7,1.9,5.4,17,1,0,107.5,38.25,39.20833333
30,33.7,27,1000.7,78.3,218.45,4.7,4.1,8.5,17,1,0,125.6086957,46.14347826,0.826086957
30,33.7,27,1000.7,78.3,218.45,4.7,4.1,8.5,17,1,0,96.20833333,34.37916667,51.70833333
30,33.7,27,1000.7,78.3,218.45,4.7,4.1,8.5,17,1,0,50.20833333,14.12083333,14.41666667
30.5,34.4,25.5,1002.3,72,0.76,4.8,4.1,7.6,17,1,0,73.16666667,22.86666667,23.625
30.8,35.1,27.7,1002,70,0,5,4.4,9.4,17,1,0,102.125,37.27083333,38.20833333
30.7,35.3,27.4,1001.7,72,0,5,4.6,7.6,17,1,0,80.16666667,25.725,24.375
30,33.7,27,1000.7,78.3,218.45,4.7,4.1,8.5,17,1,0,99.5,35.34583333,36
30,33.7,27,1000.7,78.3,218.45,4.7,4.1,8.5,17,1,0,87.04166667,28.9875,27.91666667
30,33.7,27,1000.7,78.3,218.45,4.7,4.1,8.5,17,1,0,91.08333333,30.86666667,31.54166667
30.3,33.2,28.8,1000.4,82,0.51,4.8,0.7,5.4,17,1,0,94.33333333,32.19166667,33.25
31.3,36.3,25.4,1000.3,74,40.39,4.8,1.3,5.4,21,9,0,115.6666667,45.8125,44.70833333
30.1,34.8,24.2,1001.8,77,0.51,4.5,1.1,5.4,21,9,0,86.95833333,31.37916667,30.58333333
30.6,34.6,26.7,1000.3,74,0,5.3,5.7,9.4,21,9,0,52.45833333,13.925,13.33333333
29.1,33.3,26.3,1006.3,80,162.32,4.7,2.8,7.3,21,9,0,59.25,16.07916667,16.16666667
29.1,33.3,26.3,1006.3,80,162.32,4.7,2.8,7.3,21,9,0,84.66666667,31.8,32.04166667
29.1,33.3,26.3,1006.3,80,162.32,4.7,2.8,7.3,21,9,0,72.75,23.10833333,22.54166667
29.1,32.5,27,1001.2,82,0.25,4.7,7.8,9.4,21,9,0,63.45833333,18.1375,18.41666667
29.4,32.8,27.2,1002,82,5.59,4.8,7,9.4,21,9,0,84,27.65,28.20833333
28.6,33.7,26.8,1001.3,86,22.86,4.7,1.9,5.4,21,9,0,108.75,38.50416667,39.04166667
29.1,33.3,26.3,1006.3,80,162.32,4.7,2.8,7.3,21,9,0,106.5833333,38.9,39.91666667
29.1,33.3,26.3,1006.3,80,162.32,4.7,2.8,7.3,21,9,0,77.125,24.2,22.41666667
29.1,33.3,26.3,1006.3,80,162.32,4.7,2.8,7.3,21,9,0,71.08333333,21.53333333,22.5
27.6,29.5,26.6,1006.8,94,16.76,3.9,1.3,5.4,21,9,0,125.2083333,46.975,47.5
29.9,33.8,26.3,1006.1,79,0,4.5,3.1,9.4,21,9,0,111.0833333,41.03333333,40.875
30.9,35,27.4,1004.9,73,0,4.8,2.8,5.4,21,9,0,88.54166667,29.85416667,29.29166667
29.1,33.3,26.3,1006.3,80,162.32,4.7,2.8,7.3,21,9,0,97.75,34.1875,33.875
29.1,33.3,26.3,1006.3,80,162.32,4.7,2.8,7.3,21,9,0,113.9166667,40.4125,41.54166667
29.1,33.3,26.3,1006.3,80,162.32,4.7,2.8,7.3,21,9,0,126.8333333,55.01666667,55
30.4,35.6,26.7,1008.5,73,0,4.8,0,7.3,21,9,0,159.7916667,74.0625,75.29166667
30.7,36.1,28,1007.1,72,0,4.8,0,7.3,21,9,0,136.0416667,57.425,57.75
29.6,35,27.2,1007.1,77,0,4.7,0.7,5.4,21,9,0,127.9166667,48.775,47.16666667
29.1,33.3,26.3,1006.3,80,162.32,4.7,2.8,7.3,21,9,0,125.5,46.12083333,46.625
29.1,33.3,26.3,1006.3,80,162.32,4.7,2.8,7.3,21,9,0,104.2916667,36.625,35.66666667
29.1,33.3,26.3,1006.3,80,162.32,4.7,2.8,7.3,21,9,0,79.45833333,25.35833333,25.70833333
25.9,30.6,24.2,1015,90,9.91,4.3,1.1,9.4,21,9,0,66.58333333,19.5875,19.25
27.8,31.2,23.7,1014.8,78,1.02,4.5,1.1,5.4,21,9,0,96.75,33.14166667,33.95833333
28.7,32.2,25,1013.1,76,0,5,1.9,7.6,21,9,0,111.9583333,41.975,41.75
29.1,33.3,26.3,1006.3,80,162.32,4.7,2.8,7.3,21,9,0,107.9583333,38.14583333,38.16666667
29.1,33.3,26.3,1006.3,80,162.32,4.7,2.8,7.3,21,9,0,85.20833333,28.26666667,28.16666667
29.1,33.3,26.3,1006.3,80,162.32,4.7,2.8,7.3,21,9,0,108.25,38.26666667,38.70833333
26.9,30.2,25.6,1007.9,90,45.72,4.2,3,9.4,8,6,0,95.95833333,32.68333333,32.95833333
29.6,33.3,24.9,1008.1,75,0,4.7,3,5.4,8,6,0,105.0416667,37.08333333,37.04166667
28.8,32.8,25.9,1008.6,83,19.3,4.5,1.7,7.6,8,6,0,149.5416667,70.06666667,70.91666667
27.4,31.6,24,1010,78.5,146.29,4.5,2,7.1,8,6,0,129.5,50.44583333,50.375
27.4,31.6,24,1010,78.5,146.29,4.5,2,7.1,8,6,0,130.875,56.32083333,55.79166667
27.4,31.6,24,1010,78.5,146.29,4.5,2,7.1,8,6,0,157.2083333,69.56666667,69.91666667
27.6,30.4,24.9,1009.7,85,0,4,1.7,7.6,8,6,0,158.7916667,80.35416667,81.91666667
28.1,33.1,25.1,1010.8,82,0,4.2,2.6,9.4,8,6,0,125.2083333,49.975,49.75
27.9,32.7,25,1010.1,81,0,4.5,1.7,7.6,8,6,0,48.09090909,12.11818182,14.40909091
27.4,31.6,24,1010,78.5,146.29,4.5,2,7.1,8,6,0,98.5,43.375,43.125
27.4,31.6,24,1010,78.5,146.29,4.5,2,7.1,8,6,0,72.54166667,22.89166667,23.33333333
27.4,31.6,24,1010,78.5,146.29,4.5,2,7.1,8,6,0,136.5833333,70.80416667,72.79166667
28.8,33.5,24.2,1010.2,66,0,4.7,3.9,9.4,8,6,0,149.9583333,64.4375,64.375
29,33.8,24.1,1011,64,0,4.8,0,9.4,8,6,0,156.0833333,70.17083333,69.375
29.2,34.1,25.4,1011.3,70,0,4.5,1.3,5.4,8,6,0,162.0833333,77.01666667,75.95833333
27.4,31.6,24,1010,78.5,146.29,4.5,2,7.1,8,6,0,127.375,49.37916667,48.91666667
27.4,31.6,24,1010,78.5,146.29,4.5,2,7.1,8,6,0,121.6666667,47.42916667,47.79166667
27.4,31.6,24,1010,78.5,146.29,4.5,2,7.1,8,6,0,131.5833333,52.69583333,52.875
27.4,31.6,24,1010,78.5,146.29,4.5,2,7.1,8,6,0,152.5416667,70.825,73.45833333
27.4,31.6,24,1010,78.5,146.29,4.5,2,7.1,8,6,0,162.7083333,79.225,78.54166667
27.4,31.6,24,1010,78.5,146.29,4.5,2,7.1,8,6,0,169.0416667,90.3125,89.875
27.4,31.6,24,1010,78.5,146.29,4.5,2,7.1,8,6,0,125.59,85.54166667,96.5
27.4,31.6,24,1010,78.5,146.29,4.5,2,7.1,8,6,0,177.7083333,106.575,106.125
27.4,31.6,24,1010,78.5,146.29,4.5,2,7.1,8,6,0,121.4166667,49.92916667,45.41666667
23.9,25.9,21.6,1009.4,88,10.92,4,5.2,7.6,8,6,0,54.59090909,14.25909091,66.29
24.9,29.7,21.9,1011.2,79,0,4.3,1.7,7.6,8,6,0,125.59,100.2571429,50.28571429
27.4,31.6,24,1010,78.5,146.29,4.5,2,7.1,8,6,0,142.4166667,56.70416667,31.08333333
27.4,31.6,24,1010,78.5,146.29,4.5,2,7.1,8,6,0,160.25,73.47083333,74.375
27.4,31.6,24,1010,78.5,146.29,4.5,2,7.1,8,6,0,164.3333333,83.04166667,83.08333333
27.4,32,23,1009.8,66,0,4.8,2.4,10.7,8,6,0,150.9583333,65.125,64.91666667
27.2,32.2,23.2,1009.7,69,0,4.7,2.8,5.4,3,0,0,174,99.9,100
